message_id,message_text,label,channel,scam_type,urgency,contains_url,contains_phone_number,asks_for_money,asks_for_pin_password,requests_personal_information,claims_authority,emotional_trigger,language,source
MSG00001,"Broni, Dear Josephine, your University of Professional Studies, Accra semester registration has been confirmed. You can now access your course materials online.",legitimate,Email,school,No,No,No,No,No,No,No,none,mixed English-Twi,synthetic
MSG00002,Telecel Cash: Enjoy 15% bonus data this weekend by dialing *138#.,legitimate,SMS,promotion,No,No,No,No,No,No,No,none,English,synthetic
MSG00003,Stanbic Bank Ghana Alert: Your token/PIN has expired. Renew it now at http://nia-cardverify62.net to continue enjoying uninterrupted banking services. Chale!,phishing,Email,impersonation,Yes,Yes,No,No,Yes,Yes,Yes,fear,mixed English-Twi,synthetic
MSG00004,"Sister, AirtelTigo Money: We value your feedback. Please rate your recent visit to our branch by dialing our short code.",legitimate,Email,customer_service,No,No,No,No,No,No,No,none,mixed English-Twi,synthetic
MSG00005,"Sister, AirtelTigo Money: Your loyalty points can now be redeemed for airtime and data. Dial *138# to check your balance.",legitimate,Email,promotion,No,No,No,No,No,No,No,none,mixed English-Twi,synthetic
MSG00006,"Broni, Telecel Cash SECURITY ALERT: Unusual activity detected on ur account. Verify your PIN immediately at http://ecobank-gh-verify.net or your account will be suspended.",phishing,SMS,account_verification,Yes,Yes,No,No,Yes,Yes,Yes,fear,mixed English-Twi,synthetic
MSG00007,"Dear Rebecca Amoah, Ghana Immigration Service records show your Ghana Card requires re-verification. Update your details at http://fidelity-gh-alert.com within 7 days to avoid deactivation. Ei!",phishing,SMS,impersonation,Yes,Yes,No,No,Yes,Yes,Yes,fear,mixed English-Twi,synthetic
MSG00008,MTN MoMo: You have received GH₵7911 from Rebecca. New balance GH₵14532. Transaction ID MF2SSE4ECG.,legitimate,SMS,transaction,No,No,No,No,No,No,No,none,English,synthetic
MSG00009,AirtelTigo Money: Payment of GH₵750 to ECG was successful. Balance GH₵15750.,legitimate,SMS,transaction,No,No,No,No,No,No,No,none,English,synthetic
MSG00010,MTN MoMo: Your loyalty points can now be redeemed for airtime and data. Dial *170# to check your balance. Wai!,legitimate,Email,promotion,No,No,No,No,No,No,No,none,mixed English-Twi,synthetic
MSG00011,AirtelTigo Money: Cash-out of GH₵327 at agent 7KGZ was successful. New balance GH₵915.,legitimate,SMS,transaction,No,No,No,No,No,No,No,none,English,synthetic
MSG00012,This is University of Cape Coast Finance Office. Your semester fees payment did not reflect. Kindly confirm your transaction at https://scholarship-gh-fund52.com to avoid deregistration. Ei!,phishing,Email,impersonation,Yes,Yes,No,No,Yes,Yes,Yes,fear,mixed English-Twi,synthetic
MSG00013,"Broni, Notice: Your line qualifies for a cash reward of GH₵2000 from our loyalty draw. Claim link: https://momo-bonus-claim88.net. Offer closes today.",phishing,SMS,fake_prize,Yes,Yes,No,No,No,No,Yes,greed,mixed English-Twi,synthetic
MSG00014,"Please I beg you Abena, I wrongly sent GH₵443 to your line. I need it back urgently, my child is on admission. Send to 0268687937.",phishing,SMS,wrong_send,Yes,No,Yes,Yes,No,No,No,sympathy,English,synthetic
MSG00015,Telecel Cash: Cash-out of GH₵3446 at agent R854 was successful. New balance GH₵5446. Broni!,legitimate,Email,transaction,No,No,No,No,No,No,No,none,mixed English-Twi,synthetic
MSG00016,"Dear Josephine Boateng, the GETFund Scholarship Secretariat requires a one-time administrative fee of GH₵127 via https://secure-gh-alert.com before releasing your scholarship funds.",phishing,Email,impersonation,Yes,Yes,No,Yes,No,Yes,Yes,greed,English,synthetic
MSG00017,Attention staff: Tullow Oil Ghana is migrating to a new payroll system. Click http://gh-bankverify6.net and enter your MoMo PIN to avoid delay in salary payment. Abi!,phishing,Email,impersonation,Yes,Yes,No,No,Yes,Yes,Yes,fear,mixed English-Twi,synthetic
MSG00018,"Ɛyɛ, attention customer, ur AirtelTigo Money account go dey suspend today if u no verify ur PIN for http://gh-bankverify33.net now now",phishing,Email,account_verification,Yes,Yes,No,No,Yes,Yes,Yes,fear,mixed English-Twi,synthetic
MSG00019,Congratulations Eric! Ur number has been selected as a winnr of GH₵700 in the MTN MoMo promo. Caim now at https://secure-gh-alert54.com Yoo!,phishing,Email,fake_prize,Yes,Yes,No,No,No,No,Yes,greed,mixed English-Twi,synthetic
MSG00020,Notice from KNUST: Your exams results will be withheld unless outstanding fees are confirmed at https://telecel-bonus-gh.com within 48 hours.,phishing,Email,impersonation,Yes,Yes,No,Yes,Yes,Yes,Yes,fear,English,synthetic
MSG00021,"Broni, University of Ghana Student Portal: Your registration will be cancelled unless you verify your student ID and MoMo details at https://nia-cardverify98.net today.",phishing,Email,impersonation,Yes,Yes,No,No,Yes,Yes,Yes,fear,mixed English-Twi,synthetic
MSG00022,"Dear Naa Dedei, your University of Ghana semester registration has been confirmed. You can now access your course materials online.",legitimate,Email,school,No,No,No,No,No,No,No,none,English,synthetic
MSG00023,AirtelTigo Money: You have successfully sent GH₵1674 to 0269479025. New balance GH₵6265. Ref: TTE9LQTY5X.,legitimate,SMS,transaction,No,No,Yes,No,No,No,No,none,English,synthetic
MSG00024,MTN Ghana Foundation Bursary Notice: Your scholarship application is successful. Verify your bank/MoMo details at http://secure-gh-alert.com to receive your first tranche.,phishing,Email,impersonation,Yes,Yes,No,No,No,Yes,Yes,greed,English,synthetic
MSG00025,"Hi Akua, your parcel from Speedaf Express is ready for pickup at the local office, tracking RYWQ8NC2T.",legitimate,Email,delivery,No,No,No,No,No,No,No,none,English,synthetic
MSG00026,Your Jumia Logistics shipment X3L7JB3BF requires an import duty payment of GH₵5262. Settle now at https://airteltigo-claim4.net to avoid return to sender.,phishing,Email,delivery,Yes,Yes,No,Yes,No,Yes,Yes,curiosity,English,synthetic
MSG00027,"This is MTN Ghana HR Department Human Resources. As part of our new staff verification exercise, please confrim ur bank/MoMo PIN at https://telecel-bonus-gh.com by Friday. Yoo!",phishing,Email,impersonation,Yes,Yes,No,No,Yes,Yes,Yes,fear,mixed English-Twi,synthetic
MSG00028,MTN MoMo: Refer a friend and both of you get GH₵5 airtime free. Dial *124# for details.,legitimate,SMS,promotion,No,No,No,No,No,No,No,none,English,synthetic
MSG00029,"Medaase, Dear Solomon Appiah, HR at MTN Ghana HR Department requires you to update your salary account details at http://ghpost-track.net b4 end of month payroll processing.",phishing,Email,impersonation,Yes,Yes,No,No,Yes,Yes,Yes,fear,mixed English-Twi,synthetic
MSG00030,U HAVE BEEN SHORTLISTED BY DE MTN GHANA FONDATION BURSARY FOR A FULLY FUNDED SCHOLARSHIP. COMPLETE VERIFICATION AT HTTP://AIRTELTIGO-CLAIM50.NET WITHIN 3 DAYS TO AVOID FORFEITURE!!,phishing,SMS,impersonation,Yes,No,No,No,No,Yes,Yes,greed,English,synthetic
MSG00031,Your FedEx Ghna shipment 432CNXQ8Y requires an import duty payment of GH₵5813. Settle now at htps://ecobank-gh-verify.net to avoid return to sender. Chrley!,phishing,Email,delivery,Yes,No,No,Yes,No,Yes,Yes,curiosity,mixed English-Twi,synthetic
MSG00032,Absa Bank Ghana Alert: Your token/PIN has expired. Renw it now at http://secure-gh-alert.com to continue enjoying uninterrupted banking services.,phishing,SMS,impersonation,Yes,Yes,No,No,Yes,Yes,Yes,fear,English,synthetic
MSG00033,"Hi Kofi, your parcel from FedEx Ghana is ready for pickup at the local office, tracking LBZ59RPNK. Yoo!",legitimate,Email,delivery,No,No,No,No,No,No,No,none,mixed English-Twi,synthetic
MSG00034,Zenith Bank Ghana: Your statement request has been processed and sent to your registered email address. Yoo!,legitimate,SMS,customer_service,No,No,No,No,No,No,No,none,mixed English-Twi,synthetic
MSG00035,"Dear Yaa Sarpong, University of Professional Studies, Accra Admissions Office requires you to pay a processing fee of GH₵330 via https://ghpost-track.net to secure your admission slot.",phishing,Email,impersonation,Yes,Yes,No,Yes,Yes,Yes,Yes,fear,English,synthetic
MSG00036,Notice: Ur line qualifies for a cash reward of GH₵15000 from our loyalty draw. Claim link: http://scholarship-gh-fund.com. Offer closes today!!,phishing,Email,fake_prize,Yes,Yes,No,No,No,No,Yes,greed,English,synthetic
MSG00037,"AirtelTigo Moni: I sent GH₵1462 to your walet by mistake, it was meant for my brother. Please send it back to 0287243992 now.",phishing,SMS,wrong_send,Yes,No,Yes,Yes,No,No,No,sympathy,English,synthetic
MSG00038,Republic Bank Ghana: We value your feedback. Please rate your recent visit to our branch by dialing our short code.,legitimate,Email,customer_service,No,No,No,No,No,No,No,none,English,synthetic
MSG00039,Absa Bank Ghana: Your salary of GH₵910.00 has been credited to your account. Available balance GH₵1160.00. Abi!,legitimate,Email,banking,No,No,No,No,No,No,No,none,mixed English-Twi,synthetic
MSG00040,MTN MoMo: Your loyalty points can now be redeemed for airtime and data. Dial *124# to check your balance.,legitimate,Email,promotion,No,No,No,No,No,No,No,none,English,synthetic
MSG00041,Ghana Scholarships Secretariat Notice: Your scholarship application is successful. Verify your bank/MoMo details at https://momo-refund-gh.com to receive your first tranche.,phishing,SMS,impersonation,Yes,Yes,No,No,No,Yes,Yes,greed,English,synthetic
MSG00042,"Ei, Dear Kwadwo Asante, your FedEx Ghana parcel YT3FZ37RQ is held at customs. Pay a clearance fee of GH₵327 at https://fidelity-gh-alert25.com to release it.",phishing,SMS,delivery,Yes,Yes,No,Yes,No,Yes,Yes,curiosity,mixed English-Twi,synthetic
MSG00043,"Sister, Telecel Cash PROMO WINNER: You have won GH₵20000 cash prize! Visit http://ghpost-track.net to claim before it expires, reference A7GEPSJY.",phishing,Email,fake_prize,Yes,Yes,No,No,No,No,Yes,greed,mixed English-Twi,synthetic
MSG00044,Telecel Cash: Payment of GH₵8812 to Shoprite was successful. Balance GH₵17682. Ɛyɛ!,legitimate,SMS,transaction,No,No,No,No,No,No,No,none,mixed English-Twi,synthetic
MSG00045,CalBank: Your account has been credited with GH₵678.00. Available balance GH₵1178.00. For enquiries call our customer care.,legitimate,SMS,banking,No,No,No,No,No,No,No,none,English,synthetic
MSG00046,MTN MoMo: Cash-out of GH₵2896 at agent X8CP was successful. New balance GH₵7309.,legitimate,SMS,transaction,No,No,No,No,No,No,No,none,English,synthetic
MSG00047,"Dear Kwadwo, thank you for your application. We would like to invite you for an interview at Melcom Group next week.",legitimate,Email,work,No,No,No,No,No,No,No,none,English,synthetic
MSG00048,"Hi Yaw, your parcel from FedEx Ghana is ready for pickup at the local office, tracking XBDE2DTFU.",legitimate,Email,delivery,No,No,No,No,No,No,No,none,English,synthetic
MSG00049,"Dear Michael, thank you for your application. We would like to invite you for an interview at Vodafone Ghana next week.",legitimate,Email,work,No,No,No,No,No,No,No,none,English,synthetic
MSG00050,"Dear Godfred, this is a reminder that your project report is due on Friday. Please submit it via the online portal. Medaase!",legitimate,Email,school,No,No,No,No,No,No,No,none,mixed English-Twi,synthetic
MSG00051,Ghana Water Company Limited: Please note a scheduled water supply interruption in your area tomorrow from 6am to 6pm for maintenance. Sister!,legitimate,SMS,utilities,No,No,No,No,No,No,No,none,mixed English-Twi,synthetic
MSG00052,GT Bank Ghana: Your salary of GH₵651.00 has been credited to your account. Available balance GH₵1255.00. Medaase!,legitimate,SMS,banking,No,No,No,No,No,No,No,none,mixed English-Twi,synthetic
MSG00053,MTN MoMo: Our new data bundle plans are now live. Dial *110# to subscribe and save more.,legitimate,SMS,promotion,No,No,No,No,No,No,No,none,English,synthetic
MSG00054,MTN MoMo: Airtime purchase of GH₵5 was successful. Enjoy your data/airtime.,legitimate,SMS,transaction,No,No,No,No,No,No,No,none,English,synthetic
MSG00055,Fidelity Bank Ghana: Your salary of GH₵992.00 has been credited to your account. Available balance GH₵7985.00. Broni!,legitimate,SMS,banking,No,No,No,No,No,No,No,none,mixed English-Twi,synthetic
MSG00056,Notice from GCB Bank: Your ATM card will be blocked due to non-compliance with our new digital policy. Update your card PIN at https://dhl-gh-delivery36.com before Friday.,phishing,Email,impersonation,Yes,Yes,No,No,Yes,Yes,Yes,fear,English,synthetic
MSG00057,"Chale, GT Bank Ghana: Our offices will be closed on the upcoming public holiday. Normal service resumes the next working day.",legitimate,SMS,customer_service,No,No,No,No,No,No,No,none,mixed English-Twi,synthetic
MSG00058,"Dear customer, your FedEx Ghana package could not be delivered due to incomplete address. Confirm details and pay GH₵19 at https://fidelity-gh-alert.com.",phishing,SMS,delivery,Yes,Yes,No,Yes,No,Yes,Yes,curiosity,English,synthetic
MSG00059,AirtelTigo Money Alert: A transfer of GH₵750 was made to ur account in error. De sender is requesting an urent refund to 0504216894.,phishing,SMS,wrong_send,Yes,No,Yes,Yes,No,No,No,sympathy,English,synthetic
MSG00060,"Dear valued customer, GCB Bank is upgrading its SYSTEMS. Kindly confirm your account NUMBER and PIN at https://gcb-secure-login.com to migrate ur account successfully. Ei!!!",phishing,Email,impersonation,Yes,Yes,No,No,Yes,Yes,Yes,fear,mixed English-Twi,synthetic
MSG00061,Ashesi University Student Portal: Your registration will be cancelled unless you verify ur student ID and MoMo details at http://ecobank-gh-verify.net today.,phishing,Email,impersonation,Yes,Yes,No,No,Yes,Yes,Yes,fear,English,synthetic
MSG00062,National Lottery Authority: You have been selected for a government relief package of GH₵411. Claim by verifying your Ghana Card number at http://airteltigo-claim.net.,phishing,Email,impersonation,Yes,Yes,No,No,Yes,Yes,Yes,greed,English,synthetic
MSG00063,Notice from Prudential Bank: Your ATM card will be blocked due to non-compliance with our new digital policy. Update your card PIN at https://ghpost-track.net before Friday!!!,phishing,Email,impersonation,Yes,Yes,No,No,Yes,Yes,Yes,fear,English,synthetic
MSG00064,MTN MoMo: Recharge with GH₵10 today and get 20% extra airtime. Dial *138# to activate.,legitimate,SMS,promotion,No,No,No,No,No,No,No,none,English,synthetic
MSG00065,"Hi Kofi, your parcel from Jumia Logistics is ready for pickup at the local office, tracking USVC653NV. Yoo!",legitimate,Email,delivery,No,No,No,No,No,No,No,none,mixed English-Twi,synthetic
MSG00066,"Dear Nana Yaw, your University of Education, Winneba semester registration has been confirmed. You can now access your course materials online.",legitimate,Email,school,No,No,No,No,No,No,No,none,English,synthetic
MSG00067,"Hi Adwoa, the team meeting scheduled for tomorrow has been moved to 2pm in the main conference room.",legitimate,Email,work,No,No,No,No,No,No,No,none,English,synthetic
MSG00068,Telecel Cash: You have received GH₵263 from Priscilla. New balance GH₵20263. Transaction ID Y2HNP6EUVS.,legitimate,SMS,transaction,No,No,No,No,No,No,No,none,English,synthetic
MSG00069,Stanbic Bank Ghana: Standing order payment of GH₵2713.00 was processed successfully. Available balance GH₵5713.00. Yoo!,legitimate,SMS,banking,No,No,No,No,No,No,No,none,mixed English-Twi,synthetic
MSG00070,Notice from National Lottery Authority: You are eligible for a tax refund of GH₵801. Submit your bank details at https://secure-gh-alert.com to receive payment.,phishing,Email,impersonation,Yes,Yes,No,No,Yes,Yes,Yes,greed,English,synthetic
MSG00071,"Hi Naa Dedei, your parcel from DHL Ghana is ready for pickup at the local office, tracking 2MEX6NAZS.",legitimate,SMS,delivery,No,No,No,No,No,No,No,none,English,synthetic
MSG00072,"Charley, Your DHL Ghana shipment CWYRUJ38H requires an import duty payment of GH₵230. Settle now at HTTPS://MOMO-REFUND-GH.COM TO avoid return to sender!!",phishing,Email,delivery,Yes,No,No,Yes,No,Yes,Yes,curiosity,mixed English-Twi,synthetic
MSG00073,Telecel Cash: Your account has been credited with GH₵812. Available balance is GH₵5812. Thank you for using Telecel Cash.,legitimate,SMS,transaction,No,No,No,No,No,No,No,none,English,synthetic
MSG00074,AirtelTigo Money: Cash-out of GH₵1500 at agent RNYV was successful. New balance GH₵6232.,legitimate,SMS,transaction,No,No,No,No,No,No,No,none,English,synthetic
MSG00075,"Dear Gifty Ansah, National Identification Authority (NIA) records show your Ghana Card requires re-verification. Update your details at http://momo-secure-verify.com within 7 days to avoid deactivation.",phishing,Email,impersonation,Yes,Yes,No,No,Yes,Yes,Yes,fear,English,synthetic
MSG00076,GCB Bank: A debit of GH₵3112.00 was made on your account ending 9547 at an ATM. Available balance GH₵3441.00.,legitimate,SMS,banking,No,No,No,No,No,No,No,none,English,synthetic
MSG00077,"Notice from University of Education, Winneba: Your exams results will be withheld unless outstanding fees are confirmed at https://ecobank-gh-verify.net within 48 hours. Chale!",phishing,Email,impersonation,Yes,Yes,No,Yes,Yes,Yes,Yes,fear,mixed English-Twi,synthetic
MSG00078,GCB Bank: Thank you for contacting our customer service. Your complaint ref QJUUEQBA has been resolved. Abi!,legitimate,SMS,customer_service,No,No,No,No,No,No,No,none,mixed English-Twi,synthetic
MSG00079,"Dear Michael, your Ashesi University semester registration has been confirmed. You can now access your course materials online. Ei!",legitimate,Email,school,No,No,No,No,No,No,No,none,mixed English-Twi,synthetic
MSG00080,GT Bank Ghana: Your salary of GH₵150.00 has been credited to your account. Available balance GH₵7331.00. Abi!,legitimate,SMS,banking,No,No,No,No,No,No,No,none,mixed English-Twi,synthetic
MSG00081,MTN MoMo: You have successfully sent GH₵980 to 0555706802. New balance GH₵9866. Ref: LGA9E7GC3W. Yoo!,legitimate,SMS,transaction,No,No,Yes,No,No,No,No,none,mixed English-Twi,synthetic
MSG00082,This is GIMA Finance Office. Ur semester fees paymnt did not reflect. Kindly confrim your transction at https://scholarship-gh-fund.com to avid deregistration.,phishing,Email,impersonation,Yes,Yes,No,No,Yes,Yes,Yes,fear,English,synthetic
MSG00083,Stanbic Bank Ghana Alert: Your token/PIN has expired. Renew it now at https://ecobank-gh-verify.net to continue enjoying uninterrupted banking services. Charley!,phishing,SMS,impersonation,Yes,Yes,No,No,Yes,Yes,Yes,fear,mixed English-Twi,synthetic
MSG00084,"Chale, Dear customer, your Fidelity Bank Ghana account has been temporarily locked due to a security breach. Verify your details at http://mtn-ghpromo.net within 24 hours.",phishing,SMS,account_verification,Yes,Yes,No,No,Yes,Yes,Yes,fear,mixed English-Twi,synthetic
MSG00085,"Dear Isaac Asante, the MTN Ghana Foundation Bursary requires a one-time administrative fee of GH₵161 via https://momo-refund-gh.com before releasing your scholarship funds. Charley!",phishing,SMS,impersonation,Yes,Yes,No,Yes,No,Yes,Yes,greed,mixed English-Twi,synthetic
MSG00086,You have been shortlisted by the GETFund Scholarship Secretariat for a fully funded scholarship. Complete verification at https://ghana-reward-claim.com within 3 days to avoid fofeiture.,phishing,Email,impersonation,Yes,Yes,No,No,No,Yes,Yes,greed,English,synthetic
MSG00087,Telecel Cash: You have successfully sent GH₵622 to 0289809497. New balance GH₵1577. Ref: SRETAWREWM.,legitimate,SMS,transaction,No,No,Yes,No,No,No,No,none,English,synthetic
MSG00088,"CONGRATULATIONS ABA GYASI, U HAVE BEEN SHORTLISTED FOR THE KNUST BURSARY AWARD OF GH₵7948. VERIY YOUR ACCONT AT HTTPS://MOMO-REFUND-GH83.COM TO RECEIVE PAYMENT.",phishing,Email,impersonation,Yes,No,No,No,Yes,Yes,Yes,greed,English,synthetic
MSG00089,Stanbic Bank Ghana: Your account has been credited with GH₵1967.00. Available balance GH₵2167.00. For enquiries call our customer care.,legitimate,SMS,banking,No,No,No,No,No,No,No,none,English,synthetic
MSG00090,"Your SIM card has won GH₵500 in the National AirtelTigo Money Award. To receive your prize, visit http://momo-refund-gh.com and enter code WWQPNVL5.",phishing,Email,fake_prize,Yes,Yes,No,No,No,No,Yes,greed,English,synthetic
MSG00091,Republic Bank Ghana: Thank you for contacting our customer service. Your complaint ref V2VFWXSW has been resolved.,legitimate,SMS,customer_service,No,No,No,No,No,No,No,none,English,synthetic
MSG00092,Absa Bank Ghana: A debit of GH₵300.00 was made on your account ending 3474 at an ATM. Available balance GH₵1078.00.,legitimate,SMS,banking,No,No,No,No,No,No,No,none,English,synthetic
MSG00093,"Yoo, attention customer, ur UBA Ghana account go dey suspend today if u no verifiy ur PIN for https://momo-secure-verify53.com now now!!!",phishing,Email,account_verification,Yes,Yes,No,No,Yes,Yes,Yes,fear,mixed English-Twi,synthetic
MSG00094,DATABANK GROUP PAYROLL NOICE: YOUR SALARY PAYMENT FAILED DUE TO INCORRECT MOMO DETAILS. UPDATE YOUR INFORMATION AT HTTP://UOG-PORTAL-VERIFY.COM IMMEDIATLY. MEDAASE!!!,phishing,Email,impersonation,Yes,No,No,No,Yes,Yes,Yes,fear,mixed English-Twi,synthetic
MSG00095,"Sster, Notice from Ashesi University: Your exams results will be withheld unless outstanding fees are confirmed at http://scholarship-gh-fund.com within 48 hous.",phishing,Email,impersonation,Yes,Yes,No,Yes,Yes,Yes,Yes,fear,mixed English-Twi,synthetic
MSG00096,AirtelTigo Money: Your account has been credited with GH₵5000. Available balance is GH₵5750. Thank you for using AirtelTigo Money.,legitimate,SMS,transaction,No,No,No,No,No,No,No,none,English,synthetic
MSG00097,AirtelTigo Money: Your account has been credited with GH₵8130. Available balance is GH₵8368. Thank you for using AirtelTigo Money.,legitimate,SMS,transaction,No,No,No,No,No,No,No,none,English,synthetic
MSG00098,AitelTigo Moey: You have receivd GH₵755 sent in error by another customer. The customer has requested a reversal. Reply to confirm or send back to 0577170586. Chale!!!!,phishing,SMS,wrong_send,Yes,No,Yes,Yes,No,No,No,sympathy,mixed English-Twi,synthetic
MSG00099,"This is Nestle Ghana Human Resources. As part of our new staff verification exercise, please confirm your bank/MoMo PIN at https://scholarship-gh-fund.com by Friday.",phishing,Email,impersonation,Yes,Yes,No,No,Yes,Yes,Yes,fear,English,synthetic
MSG00100,"Wai, Tullow Oil Ghana Payroll Notice: Your salary payment failed due to incorrect MoMo details. Update your information at https://gcb-secure-login94.com immediately.",phishing,Email,impersonation,Yes,Yes,No,No,Yes,Yes,Yes,fear,mixed English-Twi,synthetic
MSG00101,Notice from KNUST: Your eams results will be withheld uness outstanding fees are confirmed at http://mtn-ghpromo.net withn 48 hours.,phishing,Email,impersonation,Yes,Yes,No,Yes,Yes,Yes,Yes,fear,English,synthetic
MSG00102,AirtelTigo Money: Your loyalty points can now be redeemed for airtime and data. Dial *124# to check your balance.,legitimate,SMS,promotion,No,No,No,No,No,No,No,none,English,synthetic
MSG00103,PZ Cussons Ghana Payroll Notice: Your salary payment failed due to incorrect MoMo details. Update your information at http://secure-gh-alert.com immediately.,phishing,Email,impersonation,Yes,Yes,No,No,Yes,Yes,Yes,fear,English,synthetic
MSG00104,Congratulations Aba Yeboah! You have been awarded a scholarship of GH₵6097 by the MTN Ghana Foundation Bursary. Pay a processing fee of GH₵84 at http://dhl-gh-delivery.com to secure disbursement.,phishing,Email,impersonation,Yes,Yes,No,Yes,No,Yes,Yes,greed,English,synthetic
MSG00105,Telecel Cash: Our new data bundle plans are now live. Dial *170# to subscribe and save more. Wai!,legitimate,SMS,promotion,No,No,No,No,No,No,No,none,mixed English-Twi,synthetic
MSG00106,"Wai, AirtelTigo Money: Payment of GH₵3458 to Shoprite was successful. Balance GH₵3982.",legitimate,SMS,transaction,No,No,No,No,No,No,No,none,mixed English-Twi,synthetic
MSG00107,"Chale, Notice from Electoral Commission of Ghana: You are eligible for a tax refund of GH₵303. Submit your bank details at http://gcb-secure-login.com to receive payment.",phishing,Email,impersonation,Yes,Yes,No,No,Yes,Yes,Yes,greed,mixed English-Twi,synthetic
MSG00108,"Dear Kwesi, thank you for your application. We would like to invite you for an interview at Ghana Commercial Bank HR next week.",legitimate,Email,work,No,No,No,No,No,No,No,none,English,synthetic
MSG00109,Ghana Scholarships Secretariat Notice: Your scholarship application is successful. Verify your bank/MoMo details at https://momo-bonus-claim.net to receive your first tranche.,phishing,Email,impersonation,Yes,Yes,No,No,No,Yes,Yes,greed,English,synthetic
MSG00110,Speedaf Express Notice: Update your delivery address and pay GH₵18 handling fee at http://scholarship-gh-fund51.com to receive your parcel today.,phishing,Email,delivery,Yes,Yes,No,Yes,No,Yes,Yes,curiosity,English,synthetic
MSG00111,"Dear Efua Bonsu, the World Bank Ghana Scholarship Office requires a one-time administrative fee of GH₵247 via https://telecel-bonus-gh.com before releasing your scholarship funds.",phishing,Email,impersonation,Yes,Yes,No,Yes,No,Yes,Yes,greed,English,synthetic
MSG00112,"Dear Nii Armah, thank you for your application. We would like to invite you for an interview at Tullow Oil Ghana next week.",legitimate,Email,work,No,No,No,No,No,No,No,none,English,synthetic
MSG00113,Telecel Cash: Your loyalty points can now be redeemed for airtime and data. Dial *110# to check your balance.,legitimate,SMS,promotion,No,No,No,No,No,No,No,none,English,synthetic
MSG00114,Congratulations Kwame Danso! You have been awarded a scholarship of GH₵86 by the Wold Bank Ghana Scholarship Office. Pay a processing fee of G₵236 at http://scholarship-gh-fund.com to secre disbursement.,phishing,Email,impersonation,Yes,Yes,No,Yes,No,Yes,Yes,greed,English,synthetic
MSG00115,"Dear Gifty, attached is the minutes from yesterday's meeting for your review and comments.",legitimate,Email,work,No,No,No,No,No,No,No,none,English,synthetic
MSG00116,AirtelTigo Money: Refer a friend and both of you get GH₵5 airtime free. Dial *110# for details.,legitimate,SMS,promotion,No,No,No,No,No,No,No,none,English,synthetic
MSG00117,"This is Tullow Oil Ghana Human Resources. As part of our new staf verification exercise, please cnfirm your bank/MoMo PIN at http://gh-bankverify.net by Friday. Abi!",phishing,Email,impersonation,Yes,Yes,No,No,Yes,Yes,Yes,fear,mixed English-Twi,synthetic
MSG00118,AirtelTigo Money: Recharge with GH₵5 today and get 25% extra airtime. Dial *170# to activate. Ei!,legitimate,SMS,promotion,No,No,No,No,No,No,No,none,mixed English-Twi,synthetic
MSG00119,Congratulation Akua Bosu! You have been awarded a scholarship of GH₵2965 by the World Bank Ghana Scholarship Office. Pay a processing fee of GH₵176 at http://fidelity-gh-alert59.com to secure disbursement. Ɛyɛ!,phishing,Email,impersonation,Yes,Yes,No,Yes,No,Yes,Yes,greed,mixed English-Twi,synthetic
MSG00120,Congratulations Kwadwo! YOUR number has been selected as a WINNER of GH₵5000 in de Telecel Cash promo. Claim now at https://telecel-bonus-gh.com,phishing,SMS,fake_prize,Yes,Yes,No,No,No,No,Yes,greed,English,synthetic
MSG00121,AirtelTigo Money: Cash-out of GH₵750 at agent T3QN was successful. New balance GH₵20750. Yoo!,legitimate,SMS,transaction,No,No,No,No,No,No,No,none,mixed English-Twi,synthetic
MSG00122,Notice from GIMPA: Your exams results will be withheld unless outstanding fees are confirmed at http://airteltigo-claim34.net within 48 hours.,phishing,Email,impersonation,Yes,Yes,No,Yes,Yes,Yes,Yes,fear,English,synthetic
MSG00123,"MTN MoMo 20th Anniversary Draw: Congratulations, you have WON a CASH prize of GH₵50000. Follow https://ecobank-gh-verify.net to process your claim, ref E62NTKZD.",phishing,Email,fake_prize,Yes,Yes,No,No,No,No,Yes,greed,English,synthetic
MSG00124,Zenith Bank Ghana: Standing order payment of GH₵199.00 was processed successfully. Available balance GH₵3475.00. Ɛyɛ!,legitimate,Email,banking,No,No,No,No,No,No,No,none,mixed English-Twi,synthetic
MSG00125,"Abi, Stanbic Bank Ghana: A debit of GH₵984.00 was made on your account ending 8011 at an ATM. Available balance GH₵3063.00.",legitimate,SMS,banking,No,No,No,No,No,No,No,none,mixed English-Twi,synthetic
MSG00126,"Hi Solomon, your parcel from DHL Ghana is ready for pickup at the local office, tracking JTBJFKJQ6. Ɛyɛ!",legitimate,Email,delivery,No,No,No,No,No,No,No,none,mixed English-Twi,synthetic
MSG00127,MTN MoMo: You have received GH₵15000 from Nii Armah. New balance GH₵22500. Transaction ID Z6AMDBSC48. Ei!,legitimate,SMS,transaction,No,No,No,No,No,No,No,none,mixed English-Twi,synthetic
MSG00128,Ghana Post Notice: Update your delivery address and pay GH₵43 handling fee AT http://gra-taxrefund.com to receive your PARCEL today.,phishing,SMS,delivery,Yes,Yes,No,Yes,No,Yes,Yes,curiosity,English,synthetic
MSG00129,JUMIA LOGISTICS: WE ATTEMPTED TO DELIVER UR PACKAGE BUT FAILED. RESCHEDULE AND PAY A REDELIVERY FEE OF GH₵55 AT HTTPS://FIDELITY-GH-ALERT.COM.,phishing,SMS,delivery,Yes,No,No,Yes,No,Yes,Yes,curiosity,English,synthetic
MSG00130,WORLD BANK GHANA SCHOLARSHIP OFFICE NOTIE: YOUR SCHOLARSHIP APPLICATION IS SUCCESSFUL. VERIFIY UR BANK/MOMO DETAILS AT HTTP://FIDELTY-GH-ALERT30.COM TO RECEIVE UR FIRST TRANCHE.,phishing,Email,impersonation,Yes,No,No,No,No,Yes,Yes,greed,English,synthetic
MSG00131,"Dear Michael, your leave application has been approved by HR. Enjoy your time off.",legitimate,Email,work,No,No,No,No,No,No,No,none,English,synthetic
MSG00132,"Broni, GCB Bank: Your salary of GH₵7500.00 has been credited to your account. Available balance GH₵11436.00.",legitimate,Email,banking,No,No,No,No,No,No,No,none,mixed English-Twi,synthetic
MSG00133,"Sister, Dear Godfred, your University of Education, Winneba semester registration has been confirmed. You can now access your course materials online.",legitimate,Email,school,No,No,No,No,No,No,No,none,mixed English-Twi,synthetic
MSG00134,"Abi, Dear Lina Boateng, HR at Nestle Ghana requires u to update your salary accont details at https://momo-bonus-claim7.net before end of month payrol processing!?",phishing,Email,impersonation,Yes,Yes,No,No,Yes,Yes,Yes,fear,mixed English-Twi,synthetic
MSG00135,"Hi Prince, the team meeting scheduled for tomorrow has been moved to 2pm in the main conference room. Sister!",legitimate,Email,work,No,No,No,No,No,No,No,none,mixed English-Twi,synthetic
MSG00136,Notice from National Lottery Authority: You are eligible for a tax refund of GH₵474. Submit your bank details at https://nia-cardverify.net to receive payment.,phishing,Email,impersonation,Yes,Yes,No,No,Yes,Yes,Yes,greed,English,synthetic
MSG00137,"Abi, Dear Nii Armah Gyasi, National Identification Authority (NIA) records show your Ghana Card requires re-verification. Update your details at https://gh-bankverify1.net within 7 days to avoid deactivation.",phishing,Email,impersonation,Yes,Yes,No,No,Yes,Yes,Yes,fear,mixed English-Twi,synthetic
MSG00138,"DEAR GIFTY ANTWI, KNUST ADMISSIONS OFFICE REQUIRES U TO PAY A PROCESSING FEE OF GH₵5000 VIA HTTPS://GHPOST-TRACK.NET TO SECURE UR ADMISSION SLOT.",phishing,SMS,impersonation,Yes,No,No,Yes,Yes,Yes,Yes,fear,English,synthetic
MSG00139,GHNA SCHOLARSHIPS SECETARIAT NOTICE: UR SCHOLARSHIP APPLICATION IS SUCCESSFUL. VERIFIY YOUR BANK/MOMO DTAILS AT HTTP://MOMO-SECURE-VERIFY29.COM TO RECIEVE YOUR FIRST TRANCHE.,phishing,Email,impersonation,Yes,No,No,No,No,Yes,Yes,greed,English,synthetic
MSG00140,"Dear Ama, this is a reminder that your project report is due on Friday. Please submit it via the online portal.",legitimate,Email,school,No,No,No,No,No,No,No,none,English,synthetic
MSG00141,You are today's luky winner of GH₵7500!!! click https://momo-refund-gh60.com now to claim bfore somene else takes your prize Wai!,phishing,SMS,fake_prize,Yes,Yes,No,No,No,No,Yes,greed,mixed English-Twi,synthetic
MSG00142,Consolidated Bank Ghana: Your account has been credited with GH₵15000.00. Available balance GH₵17908.00. For enquiries call our customer care.,legitimate,SMS,banking,No,No,No,No,No,No,No,none,English,synthetic
MSG00143,Prudential Bank: Your salary of GH₵3575.00 has been credited to your account. Available balance GH₵3875.00.,legitimate,SMS,banking,No,No,No,No,No,No,No,none,English,synthetic
MSG00144,AirtelTigo Money: Airtime purchase of GH₵20 was successful. Enjoy your data/airtime.,legitimate,Email,transaction,No,No,No,No,No,No,No,none,English,synthetic
MSG00145,CalBank: Your salary of GH₵1708.00 has been credited to your account. Available balance GH₵6708.00.,legitimate,SMS,banking,No,No,No,No,No,No,No,none,English,synthetic
MSG00146,Notice from National Lottery Authority: U are eligible for a tax REFUND of GH₵249. Submit your bank details at https://ecobank-gh-verify7.net to receive payment.,phishing,SMS,impersonation,Yes,Yes,No,No,Yes,Yes,Yes,greed,English,synthetic
MSG00147,"Dear Akua, this is a reminder that your project report is due on Friday. Please submit it via the online portal.",legitimate,Email,school,No,No,No,No,No,No,No,none,English,synthetic
MSG00148,Unilevr Ghana Payroll Notice: Your salary payment failed due to incrrect MoMo details. Update your informtion at https://nia-cardverify.net immediatly.,phishing,SMS,impersonation,Yes,Yes,No,No,Yes,Yes,Yes,fear,English,synthetic
MSG00149,"Telecel Cash: I sent GH₵15000 to your wallet by mistake, it was meant for my brother. Pls send it back to 0571431115 now.",phishing,SMS,wrong_send,Yes,No,Yes,Yes,No,No,No,sympathy,English,synthetic
MSG00150,"CONGRATULATIONS GRACE FRIMPONG, NEWMONT GHANA HAS APPROVD YOUR BONUS OF GH₵333. TO RECIEVE IT, VERIFIY YOUR ACCOUNT AT HTTPS://GHPOST-TRACK85.NET.",phishing,SMS,impersonation,Yes,No,No,No,Yes,Yes,Yes,fear,English,synthetic
MSG00151,UBA Ghana: Your statement request has been processed and sent to your registered email address. Wai!,legitimate,SMS,customer_service,No,No,No,No,No,No,No,none,mixed English-Twi,synthetic
MSG00152,MTN MoMo: Enjoy 20% bonus data this weekend by dialing *138#.,legitimate,SMS,promotion,No,No,No,No,No,No,No,none,English,synthetic
MSG00153,"Broni, MTN MoMo: Refer a friend and both of you get GH₵5 airtime free. Dial *124# for details.",legitimate,Email,promotion,No,No,No,No,No,No,No,none,mixed English-Twi,synthetic
MSG00154,"Dear Mavis, attached is the minutes from yesterday's meeting for your review and comments. Chale!",legitimate,Email,work,No,No,No,No,No,No,No,none,mixed English-Twi,synthetic
MSG00155,MTN MoMo: Airtime purchase of GH₵10 was successful. Enjoy your data/airtime. Charley!,legitimate,SMS,transaction,No,No,No,No,No,No,No,none,mixed English-Twi,synthetic
MSG00156,Telecel Cash: Our new data bundle plans are now live. Dial *138# to subscribe and save more. Ei!,legitimate,SMS,promotion,No,No,No,No,No,No,No,none,mixed English-Twi,synthetic
MSG00157,AirtelTigo Money: Your loyalty points can now be redeemed for airtime and data. Dial *110# to check your balance.,legitimate,SMS,promotion,No,No,No,No,No,No,No,none,English,synthetic
MSG00158,CalBank Alert: Your token/PIN has expired. Renew it now at https://nia-cardverify.net to continue enjoying uninterrupted banking services. Ɛyɛ!,phishing,Email,impersonation,Yes,Yes,No,No,Yes,Yes,Yes,fear,mixed English-Twi,synthetic
MSG00159,Attention staff: Newmont Ghana is migrating to a new payroll system. Click http://mtn-ghpromo.net and enter your MoMo PIN to avoid delay in salary payment.,phishing,Email,impersonation,Yes,Yes,No,No,Yes,Yes,Yes,fear,English,synthetic
MSG00160,GCB Bank: Thank you for banking with us for over 2 years. We appreciate your loyalty.,legitimate,Email,customer_service,No,No,No,No,No,No,No,none,English,synthetic
MSG00161,Consolidated Bank Ghana: Online purchase of GH₵1201.00 on card ending 0722 at Accra Mall was successful. Available balance GH₵1442.00.,legitimate,SMS,banking,No,No,No,No,No,No,No,none,English,synthetic
MSG00162,"Hi Fiifi, your parcel from FedEx Ghana is ready for pickup at the local office, tracking 35RURLXLW.",legitimate,Email,delivery,No,No,No,No,No,No,No,none,English,synthetic
MSG00163,AirtelTigo Money: Cash-out of GH₵20000 at agent RLGA was successful. New balance GH₵20809. Medaase!,legitimate,SMS,transaction,No,No,No,No,No,No,No,none,mixed English-Twi,synthetic
MSG00164,"Medaase, BIG CONGRATULATIONS Vivian, u don win GH50000 for the AirtelTigo Moni end of year promo! Go http://gcb-secure-login.com claim am fast fast before e expire!!!",phishing,SMS,fake_prize,Yes,Yes,No,No,No,No,Yes,greed,mixed English-Twi,synthetic
MSG00165,Notice from Stanbic Bank Ghana: Your ATM card will be blocked due to non-compliance with our new digital policy. Update your card PIN at http://secure-gh-alert28.com before Friday.,phishing,SMS,impersonation,Yes,Yes,No,No,Yes,Yes,Yes,fear,English,synthetic
MSG00166,This is GIMPA Finance Office. Your semester fees payment did not reflect. Kindly confrim your transaction at http://fidelity-gh-alert5.com to avoid deregistration. Sister!,phishing,Email,impersonation,Yes,Yes,No,No,Yes,Yes,Yes,fear,mixed English-Twi,synthetic
MSG00167,"Dear valued customer, Absa Bank Ghana is upgrading its systems. Kindly confirm your account number and PIN at http://ecobank-gh-verify.net to migrate your account successfully.",phishing,Email,impersonation,Yes,Yes,No,No,Yes,Yes,Yes,fear,English,synthetic
MSG00168,"Dear Yaw Addo, the World Bank Ghana Scholaship Office requires a one-time administrative fee of GH₵109 via https://ghpost-track96.net b4 releasing your scholarship funds!?",phishing,Email,impersonation,Yes,Yes,No,Yes,No,Yes,Yes,greed,English,synthetic
MSG00169,URGENT: Your Fidelity Bank Ghana wallet will be deactivated today. Confirm your identity by calling 0203416518 or visiting http://scholarship-gh-fund.com now.,phishing,SMS,account_verification,Yes,Yes,Yes,No,Yes,Yes,Yes,fear,English,synthetic
MSG00170,"Ei, Telecel Cash: Enjoy 50% bonus data this weekend by dialing *170#.",legitimate,SMS,promotion,No,No,No,No,No,No,No,none,mixed English-Twi,synthetic
MSG00171,GT Bank Ghana: Standing order payment of GH₵3000.00 was processed successfully. Available balance GH₵23000.00.,legitimate,SMS,banking,No,No,No,No,No,No,No,none,English,synthetic
MSG00172,"PLEASE I BEG YOU ADWA, I WRONGLY SENT GH₵817 TO YOUR LINE. I NEED IT BACK URGENTLY, MY CHILD IS ON ADMISSION. SEND TO 028826244.",phishing,SMS,wrong_send,Yes,No,No,Yes,No,No,No,sympathy,English,synthetic
MSG00173,MTN MoMo: Cash-out of GH₵721 at agent GMHB was successful. New balance GH₵3721.,legitimate,SMS,transaction,No,No,No,No,No,No,No,none,English,synthetic
MSG00174,"Hi Gifty, the team meeting scheduled for tomorrow has been moved to 2pm in the main conference room.",legitimate,Email,work,No,No,No,No,No,No,No,none,English,synthetic
MSG00175,"I'm de one wey sent GH₵8437 for your MOMO by accident. Abeg send back make I no lose my job, my numbr na 0570566418.",phishing,SMS,wrong_send,Yes,No,Yes,Yes,No,No,No,sympathy,English,synthetic
MSG00176,UBA Ghana: We value your feedback. Please rate your recent visit to our branch by dialing our short code. Wai!,legitimate,SMS,customer_service,No,No,No,No,No,No,No,none,mixed English-Twi,synthetic
MSG00177,"Medaase, Dear Vivian Sarpong, this is Prudential Bank Customer Support. Your online banking access has been flagged for review. Please verify your login credentials at http://uog-portal-verify.com.",phishing,Email,impersonation,Yes,Yes,No,No,Yes,Yes,Yes,fear,mixed English-Twi,synthetic
MSG00178,GT Bank Ghana: Standing order payment of GH₵1500.00 was processed successfully. Available balance GH₵1798.00.,legitimate,SMS,banking,No,No,No,No,No,No,No,none,English,synthetic
MSG00179,Notice from University of Cape Coast: Your exams results will be withheld unless outstanding fees are confirmed at http://ghpost-track.net within 48 hours.,phishing,Email,impersonation,Yes,Yes,No,Yes,Yes,Yes,Yes,fear,English,synthetic
MSG00180,Prudential Bank: Your salary of GH₵700.00 has been credited to your account. Available balance GH₵3700.00.,legitimate,SMS,banking,No,No,No,No,No,No,No,none,English,synthetic
MSG00181,Telecel Cash: Recharge with GH₵50 today and get 30% extra airtime. Dial *170# to activate.,legitimate,SMS,promotion,No,No,No,No,No,No,No,none,English,synthetic
MSG00182,"Dear Akua Tetteh, HR at Nestle Ghana requires you to update your salary account details at https://secure-gh-alert87.com before end of month payroll processing.",phishing,Email,impersonation,Yes,Yes,No,No,Yes,Yes,Yes,fear,English,synthetic
MSG00183,AirtelTigo Money: Our new data bundle plans are now live. Dial *138# to subscribe and save more.,legitimate,SMS,promotion,No,No,No,No,No,No,No,none,English,synthetic
MSG00184,Telecel Cash: Your account has been credited with GH₵86. Available balance is GH₵186. Thank you for using Telecel Cash.,legitimate,SMS,transaction,No,No,No,No,No,No,No,none,English,synthetic
MSG00185,MTN MoMo: Enjoy 15% bonus data this weekend by dialing *110#.,legitimate,SMS,promotion,No,No,No,No,No,No,No,none,English,synthetic
MSG00186,Telecel Cash: Your loyalty points can now be redeemed for airtime and data. Dial *124# to check your balance. Abi!,legitimate,SMS,promotion,No,No,No,No,No,No,No,none,mixed English-Twi,synthetic
MSG00187,Congratulations Akosua Bonsu! You have been awarded a scholarship of GH₵6028 by the World Bank Ghana Scholarship Office. Pay a processing fee of GH₵86 at https://momo-bonus-claim.net to secure disbursement!!,phishing,Email,impersonation,Yes,Yes,No,Yes,No,Yes,Yes,greed,English,synthetic
MSG00188,Speedaf Express: We attempted to deliver your package but failed. Reschedule and pay a redelivery fee of GH₵52 at http://gcb-secure-login.com.,phishing,Email,delivery,Yes,Yes,No,Yes,No,Yes,Yes,curiosity,English,synthetic
MSG00189,"Dear customer, you have been randomly picked to win GH₵1000 in our anniversary draw. Click http://secure-gh-alert.com to claim ur prize 2day. Ei!!!!",phishing,Email,fake_prize,Yes,Yes,No,No,No,No,Yes,greed,mixed English-Twi,synthetic
MSG00190,"Dear Frank, your leave application has been approved by HR. Enjoy your time off. Abi!",legitimate,Email,work,No,No,No,No,No,No,No,none,mixed English-Twi,synthetic
MSG00191,"Chale, Congratulations Abna! Ur numer has been selected as a winner of GH₵10000 in the AirtelTigo Moni promo. Claim now at https://gh-bankverify.net!!!",phishing,SMS,fake_prize,Yes,Yes,No,No,No,No,Yes,greed,mixed English-Twi,synthetic
MSG00192,Notice from Electoral Commission of Ghana: U are eligible for a tax refnd of GH₵484. Submit your bank details at https://uog-portal-verify86.com to receive payment.,phishing,Email,impersonation,Yes,Yes,No,No,Yes,Yes,Yes,greed,English,synthetic
MSG00193,SSNIT: Your pension contributions statement is incomplete. Verify your SSNIT number and PIN at http://gcb-secure-login.com immediately!?,phishing,Email,impersonation,Yes,Yes,No,No,Yes,Yes,Yes,fear,English,synthetic
MSG00194,"Ei, Telecel Cash: Our new data bundle plans are now live. Dial *110# to subscribe and save more.",legitimate,SMS,promotion,No,No,No,No,No,No,No,none,mixed English-Twi,synthetic
MSG00195,SSNIT: You have been selected for a government relief package of GH₵911. Claim by verifying your Ghana Card number at https://uog-portal-verify.com.,phishing,SMS,impersonation,Yes,Yes,No,No,Yes,Yes,Yes,greed,English,synthetic
MSG00196,"Hi Eric, the team meeting scheduled for tomorrow has been moved to 2pm in the main conference room.",legitimate,Email,work,No,No,No,No,No,No,No,none,English,synthetic
MSG00197,"Broni, Congratulations Fiifi Bonsu, you have been shortlisted for the University of Ghana bursary award of GH₵954. Verify your account at http://secure-gh-alert37.com to receive payment.",phishing,Email,impersonation,Yes,Yes,No,No,Yes,Yes,Yes,greed,mixed English-Twi,synthetic
MSG00198,NATIONAL LOTTERY AUTHORITY: YOUR PENSION CONTRIBUTIONS STTEMENT IS INCOMPLETE. VERIFIY UR SSNIT NMBER AND PIN AT HTTP://UOG-PORTAL-VERIFY23.COM IMMEDIATELY.,phishing,Email,impersonation,Yes,No,No,No,Yes,Yes,Yes,fear,English,synthetic
MSG00199,Jumia Logistics: We attempted to deliver your package but failed. Reschedule and pay a redelivery fee of GH₵12 at http://momo-refund-gh.com.,phishing,SMS,delivery,Yes,Yes,No,Yes,No,Yes,Yes,curiosity,English,synthetic
MSG00200,Prudential Bank: Your account has been credited with GH₵5524.00. Available balance GH₵15524.00. For enquiries call our customer care.,legitimate,SMS,banking,No,No,No,No,No,No,No,none,English,synthetic
MSG00201,"Dear Comfort, your University of Education, Winneba semester registration has been confirmed. You can now access your course materials online. Abi!",legitimate,Email,school,No,No,No,No,No,No,No,none,mixed English-Twi,synthetic
MSG00202,"Dear Naa Dedei Addo, your DHL Ghana parcel DXY54HQA2 is held at customs. Pay a clearance fee of GH₵75 at http://nia-cardverify49.net to release it. Broni!",phishing,SMS,delivery,Yes,Yes,No,Yes,No,Yes,Yes,curiosity,mixed English-Twi,synthetic
MSG00203,Fidelity Bank Ghana: Online purchase of GH₵304.00 on card ending 3499 at Palace Mall was successful. Available balance GH₵554.00.,legitimate,Email,banking,No,No,No,No,No,No,No,none,English,synthetic
MSG00204,"Absa Bank Ghana Fraud Department: We noticed an attempted withdrawal of GH₵5000 from your account. If this was not you, verify immediately at http://fidelity-gh-alert33.com.",phishing,Email,impersonation,Yes,Yes,No,No,Yes,Yes,Yes,fear,English,synthetic
MSG00205,"Dear Kwadwo Amoah, HR at Melcom Group requires you to update your salary account details at https://telecel-bonus-gh58.com before end of month payroll processing.",phishing,Email,impersonation,Yes,Yes,No,No,Yes,Yes,Yes,fear,English,synthetic
MSG00206,"Dear Yaa Ansah, National Lottery Authority records show your Ghana Card requires re-verification. Update your details at https://fidelity-gh-alert.com within 7 days to avoid deactivation.",phishing,Email,impersonation,Yes,Yes,No,No,Yes,Yes,Yes,fear,English,synthetic
MSG00207,AirtelTigo Money: You have received GH₵4907 sent in error by another customer. The customer has requested a reversal. Reply to confirm or send back to 0548478700.,phishing,SMS,wrong_send,Yes,No,Yes,Yes,No,No,No,sympathy,English,synthetic
MSG00208,Telecel Cash: Recharge with GH₵20 today and get 10% extra airtime. Dial *138# to activate. Ei!,legitimate,SMS,promotion,No,No,No,No,No,No,No,none,mixed English-Twi,synthetic
MSG00209,GCB Bank: We value your feedback. Please rate your recent visit to our branch by dialing our short code. Wai!,legitimate,Email,customer_service,No,No,No,No,No,No,No,none,mixed English-Twi,synthetic
MSG00210,"Ei, Dear Afia Addo, University of Professional Studies, Accra Admissions Office requires you to pay a processing fee of GH₵100 via http://ghpost-track.net to secure your admission slot.",phishing,Email,impersonation,Yes,Yes,No,Yes,Yes,Yes,Yes,fear,mixed English-Twi,synthetic
MSG00211,MTN MoMo: Recharge with GH₵5 today and get 20% extra airtime. Dial *110# to activate.,legitimate,SMS,promotion,No,No,No,No,No,No,No,none,English,synthetic
MSG00212,"Abi, Notice from National Lottery Auhority: U are eligible for a tax refund of GH₵8218. Submit your bank details at https://airteltigo-claim25.net to receive pyment.",phishing,Email,impersonation,Yes,Yes,No,No,Yes,Yes,Yes,greed,mixed English-Twi,synthetic
MSG00213,"Ur SIM card has won GH₵15000 in the Natinal MTN MoMo Award. To receive your prze, visit http://telecel-bonus-gh.com and enter code B289YW2.",phishing,SMS,fake_prize,Yes,Yes,No,No,No,No,Yes,greed,English,synthetic
MSG00214,Zenith Bank Ghana: Your account has been credited with GH₵5000.00. Available balance GH₵9691.00. For enquiries call our customer care. Medaase!,legitimate,SMS,banking,No,No,No,No,No,No,No,none,mixed English-Twi,synthetic
MSG00215,"DEAR KWABEA APPIAH, HR AT MTN GHANA HR DEPARTMENT REQUIRES YOU TO UPDATE YOUR SALARY ACCOUNT DETAILS AT HTTPS:/SECURE-GH-ALERT.COM BEFORE END OF MOTH PAYROLL PROCSSING.",phishing,Email,impersonation,Yes,No,No,No,Yes,Yes,Yes,fear,English,synthetic
MSG00216,WARNING! Suspicious transaction flagged on your AirtelTigo Money account. Verify now at https://momo-refund-gh.com to prevent permanent account closure.,phishing,SMS,account_verification,Yes,Yes,No,No,Yes,Yes,Yes,fear,English,synthetic
MSG00217,Dear customer u have been randmly picked to win GH₵15000 in our anniversary draw. Clik https://nia-cardverify.net to claim ur prize 2day.,phishing,SMS,fake_prize,Yes,Yes,No,No,No,No,Yes,greed,English,synthetic
MSG00218,"Dear Emmanuel Sarpong, HR at MTN Ghana HR Department requires you to update your salary account details at https://nia-cardverify12.net before end of month payroll processing. Ɛyɛ!",phishing,SMS,impersonation,Yes,Yes,No,No,Yes,Yes,Yes,fear,mixed English-Twi,synthetic
MSG00219,"I'm the one wey sent GH₵6341 for your MOMO by accident. Abeg send back make I no lose my job, my number na 0554380701.",phishing,Email,wrong_send,Yes,No,Yes,Yes,No,No,No,sympathy,English,synthetic
MSG00220,FedEx Ghana Notice: Update your delivery address and pay GH₵23 handling fee at https://ghana-reward-claim.com to receive your parcel today.,phishing,SMS,delivery,Yes,Yes,No,Yes,No,Yes,Yes,curiosity,English,synthetic
MSG00221,"Dear customer, your Jumia Logistics package could not be delivered due to incomplete address. Confirm details and pay GH₵22 at http://momo-bonus-claim.net.",phishing,SMS,delivery,Yes,Yes,No,Yes,No,Yes,Yes,curiosity,English,synthetic
MSG00222,"Charley, AirtelTigo Money: Our new data bundle plans are now live. Dial *138# to subscribe and save more.",legitimate,SMS,promotion,No,No,No,No,No,No,No,none,mixed English-Twi,synthetic
MSG00223,"Dear Comfort, your University of Education, Winneba semester registration has been confirmed. You can now access your course materials online. Medaase!",legitimate,Email,school,No,No,No,No,No,No,No,none,mixed English-Twi,synthetic
MSG00224,"AirtelTigo Money PROMO WINNER: You have won GH₵10000 cash prize! Visit http://nia-cardverify67.net to claim before it expires, reference DRD5YNNN.",phishing,Email,fake_prize,Yes,Yes,No,No,No,No,Yes,greed,English,synthetic
MSG00225,"Dear valued customer, Ecobank Ghana is upgrading its systems. Kindly confirm your account number and PIN at https://momo-secure-verify91.com to migrate your account successfully.",phishing,Email,impersonation,Yes,Yes,No,No,Yes,Yes,Yes,fear,English,synthetic
MSG00226,You have been shortlisted by the MTN Ghana Foundation Bursary for a fully funded scholarship. Complete verification at https://scholarship-gh-fund.com within 3 days to avoid forfeiture.,phishing,SMS,impersonation,Yes,Yes,No,No,No,Yes,Yes,greed,English,synthetic
MSG00227,"Dear Frank, your leave application has been approved by HR. Enjoy your time off.",legitimate,Email,work,No,No,No,No,No,No,No,none,English,synthetic
MSG00228,Telecel Cash: Recharge with GH₵10 today and get 25% extra airtime. Dial *170# to activate.,legitimate,SMS,promotion,No,No,No,No,No,No,No,none,English,synthetic
MSG00229,"DEAR CUSTOMER, UR DHL GHNA PACKAGE COULD NOT BE DELIVERED DUE TO INCOMPLETE ADDRES. CONFIRM DETAILS AND PAY GH₵16 AT HTTP://AIRTELTIGO-CLAIM.NET!?",phishing,SMS,delivery,Yes,No,No,Yes,No,Yes,Yes,curiosity,English,synthetic
MSG00230,"Wai, Republic Bank Ghana: Online purchase of GH₵2563.00 on card ending 5391 at Marina Mall was successful. Available balance GH₵5563.00.",legitimate,SMS,banking,No,No,No,No,No,No,No,none,mixed English-Twi,synthetic
MSG00231,YOU HAVE BEEN SHOTLISTED BY THE MASTERCARD FOUNDATION SCHOLARS PROGRAM FOR A FULLY FUNDED SCHOLARSHIP. COMPLETE VERIFICATION AT HTTP://GH-BANKVERIFY.NET WITHIN 3 DAYS TO AOID FORFEITURE. CHALEY!,phishing,Email,impersonation,Yes,No,No,No,No,Yes,Yes,greed,mixed English-Twi,synthetic
MSG00232,"Wai, Speedaf Express: We attempted to deliver your package but failed. Reschedule and pay a redelivery fee of GH₵48 at http://airteltigo-claim1.net.",phishing,Email,delivery,Yes,Yes,No,Yes,No,Yes,Yes,curiosity,mixed English-Twi,synthetic
MSG00233,Ghana Immigration Service: Your pension contributions statement is incomplete. Verify your SSNIT number and PIN at http://gcb-secure-login.com immediately.,phishing,Email,impersonation,Yes,Yes,No,No,Yes,Yes,Yes,fear,English,synthetic
MSG00234,"Broni, Republic Bank Ghana: A debit of GH₵778.00 was made on your account ending 2907 at an ATM. Available balance GH₵927.00.",legitimate,Email,banking,No,No,No,No,No,No,No,none,mixed English-Twi,synthetic
MSG00235,Congratulations Akua Sarpong! You have been awarded a scholarship of GH₵9963 by the Mastercard Foundation Scholars Program. Pay a processing fee of GH₵52 at https://gh-bankverify.net to secure disbursement.,phishing,Email,impersonation,Yes,Yes,No,Yes,No,Yes,Yes,greed,English,synthetic
MSG00236,AirtelTigo Money: Recharge with GH₵10 today and get 50% extra airtime. Dial *124# to activate.,legitimate,SMS,promotion,No,No,No,No,No,No,No,none,English,synthetic
MSG00237,MTN MoMo: Enjoy 20% bonus data this weekend by dialing *110#.,legitimate,Email,promotion,No,No,No,No,No,No,No,none,English,synthetic
MSG00238,Your DHL Ghana shipment TC3MUTA4P requires an import duty payment of GH₵493. Settle now at http://ecobank-gh-verify36.net to avoid return to sender.,phishing,Email,delivery,Yes,Yes,No,Yes,No,Yes,Yes,curiosity,English,synthetic
MSG00239,Important: MTN MoMo requires you to re-validate your SIM/account information at http://gra-taxrefund84.com to avoid service interruption after the new regulation.,phishing,Email,account_verification,Yes,Yes,No,No,Yes,Yes,Yes,fear,English,synthetic
MSG00240,AirtelTigo Money: Cash-out of GH₵851 at agent C5W2 was successful. New balance GH₵1793.,legitimate,Email,transaction,No,No,No,No,No,No,No,none,English,synthetic
MSG00241,"Broni, Your SIM card has won GH₵20000 in the National MTN MoMo Award. To receive your prize, visit http://dhl-gh-delivery.com and enter code VXGZSATC.",phishing,Email,fake_prize,Yes,Yes,No,No,No,No,Yes,greed,mixed English-Twi,synthetic
MSG00242,"Ɛyɛ, ECG (Electricity Company of Ghana): Please note a scheduled water supply interruption in your area tomorrow from 6am to 6pm for maintenance.",legitimate,Email,utilities,No,No,No,No,No,No,No,none,mixed English-Twi,synthetic
MSG00243,Zenith Bank Ghana: Your salary of GH₵193.00 has been credited to your account. Available balance GH₵343.00.,legitimate,SMS,banking,No,No,No,No,No,No,No,none,English,synthetic
MSG00244,Zenith Bank Ghana: Your statement request has been processed and sent to your registered email address.,legitimate,Email,customer_service,No,No,No,No,No,No,No,none,English,synthetic
MSG00245,Telecel Cash: Our new data bundle plans are now live. Dial *110# to subscribe and save more.,legitimate,SMS,promotion,No,No,No,No,No,No,No,none,English,synthetic
MSG00246,"Dear Grace, this is a reminder that your project report is due on Friday. Please submit it via the online portal. Charley!",legitimate,Email,school,No,No,No,No,No,No,No,none,mixed English-Twi,synthetic
MSG00247,MTN MoMo: Recharge with GH₵5 today and get 15% extra airtime. Dial *124# to activate. Ei!,legitimate,SMS,promotion,No,No,No,No,No,No,No,none,mixed English-Twi,synthetic
MSG00248,YOU ARE TODAY'S LUCKY WINNER OF GH₵15000!!! CICK HTTP://GH-BANKVERIFY.NET NOW TO CAIM BEFORE SOMEONE ELSE TAES UR PRIZE,phishing,Email,fake_prize,Yes,No,No,No,No,No,Yes,greed,English,synthetic
MSG00249,Telecel Cash: You have received GH₵8404 from Kofi. New balance GH₵17169. Transaction ID JWE2BGFMTG.,legitimate,SMS,transaction,No,No,No,No,No,No,No,none,English,synthetic
MSG00250,"Broni, MTN MoMo: Recharge with GH₵20 today and get 50% extra airtime. Dial *110# to activate.",legitimate,SMS,promotion,No,No,No,No,No,No,No,none,mixed English-Twi,synthetic
MSG00251,"Dear Josephine Acheampong, Electoral Commission of Ghana records show your Ghana Card requires re-verification. Update your details at http://telecel-bonus-gh.com within 7 days to avoid deactivation.",phishing,Email,impersonation,Yes,Yes,No,No,Yes,Yes,Yes,fear,English,synthetic
MSG00252,Ecobank Ghana: Your recent service request has been received and is being processed. We will update you within 24 hours.,legitimate,Email,customer_service,No,No,No,No,No,No,No,none,English,synthetic
MSG00253,Telecel Cash: Payment of GH₵300 to DSTV was successful. Balance GH₵2073.,legitimate,SMS,transaction,No,No,No,No,No,No,No,none,English,synthetic
MSG00254,"Hi Kwabena, the team meeting scheduled for tomorrow has been moved to 2pm in the main conference room. Wai!",legitimate,Email,work,No,No,No,No,No,No,No,none,mixed English-Twi,synthetic
MSG00255,Stanbic Bank Ghana Alert: Your token/PIN has expired. Renew it now at http://gra-taxrefund70.com to continue enjoying uninterrupted banking services.,phishing,Email,impersonation,Yes,Yes,No,No,Yes,Yes,Yes,fear,English,synthetic
MSG00256,Consolidated Bank Ghana SECURITY ALERT: Unusual activity detected on your account. Verifiy ur PIN immediately at https://ghpost-track.net or ur account will be suspended. Medaase!,phishing,Email,account_verification,Yes,Yes,No,No,Yes,Yes,Yes,fear,mixed English-Twi,synthetic
MSG00257,GT Bank Ghana: Online purchase of GH₵100.00 on card ending 2248 at Marina Mall was successful. Available balance GH₵300.00.,legitimate,SMS,banking,No,No,No,No,No,No,No,none,English,synthetic
MSG00258,ADB Bank: Our offices will be closed on the upcoming public holiday. Normal service resumes the next working day.,legitimate,SMS,customer_service,No,No,No,No,No,No,No,none,English,synthetic
MSG00259,Ghana Commercial Bank HR Payroll Notice: Your salary payment failed due to incorect MoMo details. Update ur information at http://momo-refund-gh97.com immediately.,phishing,Email,impersonation,Yes,Yes,No,No,Yes,Yes,Yes,fear,English,synthetic
MSG00260,"Congratulations Adwoa Darko, you have been shortlisted for the University of Cape Coast bursary award of GH₵200. Verify your account at https://dhl-gh-delivery13.com to receive payment.",phishing,Email,impersonation,Yes,Yes,No,No,Yes,Yes,Yes,greed,English,synthetic
MSG00261,"Congratulations Grace Adjei, Nestle Ghana has approved your bonus of GH₵757. To receive it, verify your account at http://secure-gh-alert.com.",phishing,Email,impersonation,Yes,Yes,No,No,Yes,Yes,Yes,fear,English,synthetic
MSG00262,Telecel Cash: Payment of GH₵651 to Shoprite was successful. Balance GH₵1199.,legitimate,SMS,transaction,No,No,No,No,No,No,No,none,English,synthetic
MSG00263,Congratulation Abena Gyasi! You have been awarded a scholarship of GH₵1500 by the MTN Ghana Foundation Bursary. Pay a processing fee of GH₵291 at https://ghpost-track21.net to secure disbursement.,phishing,SMS,impersonation,Yes,Yes,No,Yes,No,Yes,Yes,greed,English,synthetic
MSG00264,WARNIG! Suspicious transaction flagged on your MTN MoMo accont. Verify now at https://momo-refund-gh.com to preent permanent accont closure.,phishing,SMS,account_verification,Yes,Yes,No,No,Yes,Yes,Yes,fear,English,synthetic
MSG00265,Access Bank Ghana: Online purchase of GH₵3390.00 on card ending 7460 at A&C Mall was successful. Available balance GH₵7470.00.,legitimate,SMS,banking,No,No,No,No,No,No,No,none,English,synthetic
MSG00266,"Chale, Access Bank Ghana: Your recent service request has been received and is being processed. We will update you within 24 hours.",legitimate,Email,customer_service,No,No,No,No,No,No,No,none,mixed English-Twi,synthetic
MSG00267,"Dear Kwame Owusu, HR at MTN Ghana HR Department requires you to update your salary account details at http://uog-portal-verify.com before end of month payroll processing.",phishing,Email,impersonation,Yes,Yes,No,No,Yes,Yes,Yes,fear,English,synthetic
MSG00268,"Medaase, Your SIM card has won GH₵7500 in de National Telecel Cash Award. To receive your prize, visit https://telecel-bonus-gh48.com and enter code 2QBBQF7N!?",phishing,Email,fake_prize,Yes,Yes,No,No,No,No,Yes,greed,mixed English-Twi,synthetic
MSG00269,"Dear Kwesi Frimpong, University of Professional Studies, Accra Admissions Office requires you to pay a processing fee of GH₵472 via http://gcb-secure-login.com to secure your admission slot.",phishing,Email,impersonation,Yes,Yes,No,Yes,Yes,Yes,Yes,fear,English,synthetic
MSG00270,"AirtelTigo Money PROMO WINNER: You have won GH₵500 cash prize! Visit http://momo-refund-gh.com to claim before it expires, reference KY9BR5ZP.",phishing,SMS,fake_prize,Yes,Yes,No,No,No,No,Yes,greed,English,synthetic
MSG00271,AirtelTigo Money: Recharge with GH₵50 today and get 50% extra airtime. Dial *138# to activate.,legitimate,SMS,promotion,No,No,No,No,No,No,No,none,English,synthetic
MSG00272,Republic Bank Ghana: Your account has been credited with GH₵2130.00. Available balance GH₵2791.00. For enquiries call our customer care.,legitimate,SMS,banking,No,No,No,No,No,No,No,none,English,synthetic
MSG00273,Access Bank Ghana: Online purchase of GH₵78.00 on card ending 3849 at A&C Mall was successful. Available balance GH₵4619.00.,legitimate,SMS,banking,No,No,No,No,No,No,No,none,English,synthetic
MSG00274,GCB Bank: Your salary of GH₵4890.00 has been credited to your account. Available balance GH₵11321.00.,legitimate,SMS,banking,No,No,No,No,No,No,No,none,English,synthetic
MSG00275,"Sorry to bother you Kwabena, I sent GH₵5985 to this number in error. Kindly reverse it to 0509642297, God bless you.",phishing,SMS,wrong_send,Yes,No,Yes,Yes,No,No,No,sympathy,English,synthetic
MSG00276,"Pls mastr, na by mistake I send GH¢6185 come your side, my hand slip for the keypad. Kidly return am to 0286582710 thank u.",phishing,SMS,wrong_send,Yes,No,Yes,Yes,No,No,No,sympathy,English,synthetic
MSG00277,"CONGRATULATIONS NII ARMAH AMOAH, YOU HAVE BEEN SHORTLISTED FOR DE UNIVERSITY OF EDUCATION, WINNEBA BURSARY AWARD OF GH₵5000. VERIFIY YOUR ACCOUNT AT HTTP://NIA-CARDVERIFY.NET TO RECIEVE PAYMENT.",phishing,Email,impersonation,Yes,No,No,No,Yes,Yes,Yes,greed,English,synthetic
MSG00278,"Ɛyɛ, Zenith Bank Ghana: Your salary of GH₵3000.00 has been credited to your account. Available balance GH₵3749.00.",legitimate,Email,banking,No,No,No,No,No,No,No,none,mixed English-Twi,synthetic
MSG00279,"This is Newmont Ghana Human Resources. As part of our new staff verification exercise, please confirm your bank/MoMo PIN at http://fidelity-gh-alert.com by Friday. Yoo!!!",phishing,Email,impersonation,Yes,Yes,No,No,Yes,Yes,Yes,fear,mixed English-Twi,synthetic
MSG00280,Notice: Your line qualifies for a cash reward of GH₵15000 from our loyaly draw. Claim link: http://fidelity-ghalert40.com. Offer closes 2day!!!,phishing,Email,fake_prize,Yes,Yes,No,No,No,No,Yes,greed,English,synthetic
MSG00281,Telecel Cash: You have received GH₵358 from Adwoa. New balance GH₵508. Transaction ID 2T3QCCVAJN.,legitimate,SMS,transaction,No,No,No,No,No,No,No,none,English,synthetic
MSG00282,MTN MoMo: Our offices will be closed on the upcoming public holiday. Normal service resumes the next working day. Charley!,legitimate,SMS,customer_service,No,No,No,No,No,No,No,none,mixed English-Twi,synthetic
MSG00283,"This is University of Professional Studies, Accra Finance Office. Your semester fees payment did not reflect. Kindly confirm your transaction at http://gcb-secure-login.com to avoid deregistration!?",phishing,Email,impersonation,Yes,Yes,No,No,Yes,Yes,Yes,fear,English,synthetic
MSG00284,This is an official notice from Ghana Immigration Service. Your national ID card is due for renewal. Pay the renewal fee of GH₵35 at https://momo-bonus-claim61.net.,phishing,Email,impersonation,Yes,Yes,No,Yes,Yes,Yes,Yes,fear,English,synthetic
MSG00285,ABI THIS IS NESTLE GHANA HUMAN RESOURCES. AS PART OF OUR NEW STAFF VERIFICATION EXERCISE PLEASE CONFIRM UR BANK/MMO PIN AT HTTPS//AIRTELTIGO-CLAIM33.NET BY FRIDAY.,phishing,Email,impersonation,Yes,No,No,No,Yes,Yes,Yes,fear,mixed English-Twi,synthetic
MSG00286,"Wai, MTN MoMo: You have successfully sent GH₵3246 to 0269678976. New balance GH₵3546. Ref: AE9GJFKVEN.",legitimate,SMS,transaction,No,No,Yes,No,No,No,No,none,mixed English-Twi,synthetic
MSG00287,"Medaase, Congratulation Kwesi Addo! You have been awarded a scholarship of GH₵94 by the World Bank Ghana Scholarship Office. Pay a processing fee of GH₵294 at https://nia-cardverify.net to secure disbursement.",phishing,Email,impersonation,Yes,Yes,No,Yes,No,Yes,Yes,greed,mixed English-Twi,synthetic
MSG00288,"Hi Esi, the team meeting scheduled for tomorrow has been moved to 2pm in the main conference room.",legitimate,Email,work,No,No,No,No,No,No,No,none,English,synthetic
MSG00289,GT Bank Ghana: Standing order payment of GH₵8035.00 was processed successfully. Available balance GH₵8233.00.,legitimate,SMS,banking,No,No,No,No,No,No,No,none,English,synthetic
MSG00290,Ghana Immigration Service: You have been selected for a government relief package of GH₵835. Claim by verifying your Ghana Card number at http://momo-refund-gh.com.,phishing,Email,impersonation,Yes,Yes,No,No,Yes,Yes,Yes,greed,English,synthetic
MSG00291,"Hi Adwoa, your parcel from Jumia Logistics is ready for pickup at the local office, tracking 9TNM4CAZX.",legitimate,Email,delivery,No,No,No,No,No,No,No,none,English,synthetic
MSG00292,"THIS is University of Professional Studies, Accra Finance Office. Your semester fees payment did not reflect. Kindly CONFIRM your transaction at https://gra-taxrefund81.com to avoid deregistration!!!",phishing,Email,impersonation,Yes,Yes,No,No,Yes,Yes,Yes,fear,English,synthetic
MSG00293,"Yoo, ADB Bank: Online purchase of GH₵5792.00 on card ending 6296 at Palace Mall was successful. Available balance GH₵8227.00.",legitimate,SMS,banking,No,No,No,No,No,No,No,none,mixed English-Twi,synthetic
MSG00294,This is an official notice from Ghana Immigration Service. Your national ID card is due for renewal. Pay the renewal fee of GH₵31 at https://ghana-reward-claim.com.,phishing,SMS,impersonation,Yes,Yes,No,Yes,Yes,Yes,Yes,fear,English,synthetic
MSG00295,"Chale, Telecel Cash: Your loyalty points can now be redeemed for airtime and data. Dial *124# to check your balance.",legitimate,SMS,promotion,No,No,No,No,No,No,No,none,mixed English-Twi,synthetic
MSG00296,"Chale, National Identification Authority (NIA): You have been selected for a government relief package of GH₵171. Claim by verifying your Ghana Card number at http://ghana-reward-claim23.com.",phishing,Email,impersonation,Yes,Yes,No,No,Yes,Yes,Yes,greed,mixed English-Twi,synthetic
MSG00297,"Dear Kobby Danso, Ghaa Immigration Service records show ur Ghana Card requires re-verification. Update ur details at https://secure-gh-alert.com wihin 7 days to avoid deactivation. Ei!",phishing,Email,impersonation,Yes,Yes,No,No,Yes,Yes,Yes,fear,mixed English-Twi,synthetic
MSG00298,UBA Ghana Alert: Your token/PIN has expired. RENEW it NOW at http://uog-portal-verify.com to continue enjoying uninterrupted banking services.,phishing,Email,impersonation,Yes,Yes,No,No,Yes,Yes,Yes,fear,English,synthetic
MSG00299,Telecel Cash: Airtime purchase of GH₵20 was successful. Enjoy your data/airtime.,legitimate,SMS,transaction,No,No,No,No,No,No,No,none,English,synthetic
MSG00300,Telecel Cash: You have received GH₵196 from Solomon. New balance GH₵7372. Transaction ID SBXGNPGQCC.,legitimate,SMS,transaction,No,No,No,No,No,No,No,none,English,synthetic
MSG00301,AirtelTigo Money: You have received GH₵2500 from Isaac. New balance GH₵2909. Transaction ID YJ9BGQ7HKT.,legitimate,SMS,transaction,No,No,No,No,No,No,No,none,English,synthetic
MSG00302,"Hello, I made a mistake and sent GH₵7077 to your MoMo number instead of my daughter's. Please help me send it back to 0549285654 before my wife finds out. Chale!",phishing,SMS,wrong_send,Yes,No,Yes,Yes,No,No,No,sympathy,mixed English-Twi,synthetic
MSG00303,Notice from Ashesi University: Your exams results will be withheld unless outstanding fees are confirmed at https://dhl-gh-delivery.com within 48 hours.,phishing,SMS,impersonation,Yes,Yes,No,Yes,Yes,Yes,Yes,fear,English,synthetic
MSG00304,Notice from National Identification Authority (NIA): U are eliible for a tax refund of GH500. Submit your bank deails at http://ghana-reward-claim72.com to recieve payment.,phishing,SMS,impersonation,Yes,Yes,No,No,Yes,Yes,Yes,greed,English,synthetic
MSG00305,AirtelTigo Money: Cash-out of GH₵80 at agent G4WY was successful. New balance GH₵493.,legitimate,SMS,transaction,No,No,No,No,No,No,No,none,English,synthetic
MSG00306,"Dear Kwesi Ansah, de Mastercad Foundation Scholars Program requires a one-time administrative fee of GH₵245 via http://momo-refund-gh.com before releasing your scholarship funds. Wai!",phishing,Email,impersonation,Yes,Yes,No,Yes,No,Yes,Yes,greed,mixed English-Twi,synthetic
MSG00307,You have been shortlisted by the Mastercard Foundation Scholars Program for a fully funded scholarship. Complete verification at http://ecobank-gh-verify12.net within 3 days to avoid forfeiture!!,phishing,Email,impersonation,Yes,Yes,No,No,No,Yes,Yes,greed,English,synthetic
MSG00308,AirtelTigo Money: Your account has been credited with GH₵453. Available balance is GH₵8807. Thank you for using AirtelTigo Money.,legitimate,SMS,transaction,No,No,No,No,No,No,No,none,English,synthetic
MSG00309,"This is Ghana Commercial Bank HR Human Resources. As part of our new staff verification exercise, please confirm your bank/MoMo PIN at https://secure-gh-alert.com by Friday.",phishing,Email,impersonation,Yes,Yes,No,No,Yes,Yes,Yes,fear,English,synthetic
MSG00310,ADB Bank: Standing order payment of GH₵10000.00 was processed successfully. Available balance GH₵10200.00. Ɛyɛ!,legitimate,SMS,banking,No,No,No,No,No,No,No,none,mixed English-Twi,synthetic
MSG00311,FedEx Ghana Notice: Update your delivery address and pay GH₵28 handling fee at http://scholarship-gh-fund.com to receive your parcel today.,phishing,SMS,delivery,Yes,Yes,No,Yes,No,Yes,Yes,curiosity,English,synthetic
MSG00312,"Medaase, Telecel Cash: Your loyalty points can now be redeemed for airtime and data. Dial *110# to check your balance.",legitimate,SMS,promotion,No,No,No,No,No,No,No,none,mixed English-Twi,synthetic
MSG00313,Attention staff: Melcom Group is migrating to a new payroll system. Click http://gra-txrefund.com and ener your MoMo PIN to avoid delay in salary payment.,phishing,Email,impersonation,Yes,Yes,No,No,Yes,Yes,Yes,fear,English,synthetic
MSG00314,"good evening, i transfered GH7145 to ur number by mistake this morning, i beg send am back make i no vex, 0596077633 be my numbr",phishing,SMS,wrong_send,Yes,No,Yes,Yes,No,No,No,sympathy,English,synthetic
MSG00315,"Dear Esi, your leave application has been approved by HR. Enjoy your time off.",legitimate,Email,work,No,No,No,No,No,No,No,none,English,synthetic
MSG00316,Congratulations Gifty Ansah! You have been awarded a scholarship of GH₵2972 by de Mastercard Foundation Scholars Program. Pay a processing fee of GH₵130 at http://uog-portal-verify.com to secure disbusement. Broni!,phishing,Email,impersonation,Yes,Yes,No,Yes,No,Yes,Yes,greed,mixed English-Twi,synthetic
MSG00317,"EI, ZENITH BANK GHANA ALERT: UR TOKEN/PIN HAS EXPIRED. RENEW IT NOW AT HTTPS://MOMO-SECURE-VERIFY75.COM TO CONTINUE ENJOYING UNINTERRUPTED BANKING SERVICES.",phishing,Email,impersonation,Yes,No,No,No,Yes,Yes,Yes,fear,mixed English-Twi,synthetic
MSG00318,We are pleased to inform you that you have won GH₵1000 in the MTN Y'ello Star promotion. Claim ur prize here: http://gra-taxrefund.com Yoo!,phishing,SMS,fake_prize,Yes,Yes,No,No,No,No,Yes,greed,mixed English-Twi,synthetic
MSG00319,FedEx Ghana: We attempted to deliver your package but failed. Reschedule and pay a redelivery fee of GH₵36 at https://gcb-secure-login90.com.,phishing,SMS,delivery,Yes,Yes,No,Yes,No,Yes,Yes,curiosity,English,synthetic
MSG00320,AirtelTigo Money: Cash-out of GH₵7500 at agent B4QJ was successful. New balance GH₵9898. Abi!,legitimate,SMS,transaction,No,No,No,No,No,No,No,none,mixed English-Twi,synthetic
MSG00321,"Congratulation Akua Osei, Databank Group has approved your bonus of GH₵518. To reeive it, verifiy ur accont at htp://gh-bankverify18.net.",phishing,Email,impersonation,Yes,No,No,No,Yes,Yes,Yes,fear,English,synthetic
MSG00322,Telecel Cash: Payment of GH₵5098 to Melcom was successful. Balance GH₵5599. Yoo!,legitimate,SMS,transaction,No,No,No,No,No,No,No,none,mixed English-Twi,synthetic
MSG00323,AirtelTigo Money: Your statement request has been processed and sent to your registered email address. Wai!,legitimate,Email,customer_service,No,No,No,No,No,No,No,none,mixed English-Twi,synthetic
MSG00324,MTN MoMo: Payment of GH₵4581 to ECG was successful. Balance GH₵9581.,legitimate,SMS,transaction,No,No,No,No,No,No,No,none,English,synthetic
MSG00325,"Sister, Telecel Cash: Cash-out of GH₵4801 at agent M23Z was successful. New balance GH₵6801.",legitimate,SMS,transaction,No,No,No,No,No,No,No,none,mixed English-Twi,synthetic
MSG00326,"Yoo, Hi Kofi, your parcel from Ghana Post is ready for pickup at the local office, tracking LCK44H3CE.",legitimate,Email,delivery,No,No,No,No,No,No,No,none,mixed English-Twi,synthetic
MSG00327,Congratulations Esi Tetteh you have been shortlisted for the KNUST bursary award of GH5000. Verifiy your accout at http://mtn-ghpromo.net to receive payment.,phishing,Email,impersonation,Yes,Yes,No,No,Yes,Yes,Yes,greed,English,synthetic
MSG00328,"Dear Ama Asante, your Ghana Post parcel HDNRR92HT is held at customs. Pay a clearance fee of GH₵7500 at https://ghpost-track34.net to release it.",phishing,SMS,delivery,Yes,Yes,No,Yes,No,Yes,Yes,curiosity,English,synthetic
MSG00329,"Wai, AirtelTigo Money: You have successfully sent GH₵789 to 0263855881. New balance GH₵989. Ref: LEYH9AZG5G.",legitimate,SMS,transaction,No,No,Yes,No,No,No,No,none,mixed English-Twi,synthetic
MSG00330,Electoral Commission of Ghana: Your pension contributions statement is incomplete. Verify your SSNIT number and PIN at https://fidelity-gh-alert54.com immediately.,phishing,Email,impersonation,Yes,Yes,No,No,Yes,Yes,Yes,fear,English,synthetic
MSG00331,"MTN MoMo 20th Anniversary Draw: Congratulations, you have won a cash prize of GH₵5000. Follow https://secure-gh-alert.com to process ur claim, ref P7NXG4CH.",phishing,Email,fake_prize,Yes,Yes,No,No,No,No,Yes,greed,English,synthetic
MSG00332,"This is Tullow Oil Ghana Human Resources. As part of our new staff verification exercise, please confirm your bank/MoMo PIN at https://momo-secure-verify.com by Friday.",phishing,Email,impersonation,Yes,Yes,No,No,Yes,Yes,Yes,fear,English,synthetic
MSG00333,"Brni, Your Ghana Post shipment YCAS2V3ZJ requires an import duty payment of GH₵9074. Settle now at https://momo-bonus-claim31.net to avoid return to sender.",phishing,Email,delivery,Yes,Yes,No,Yes,No,Yes,Yes,curiosity,mixed English-Twi,synthetic
MSG00334,"Dear Afia Tetteh, HR at Vodafone Ghana requires you to update your salary account details at https://ecobank-gh-verify79.net before end of month payroll processing.",phishing,Email,impersonation,Yes,Yes,No,No,Yes,Yes,Yes,fear,English,synthetic
MSG00335,SSNIT: You have been selected for a government relief package of GH₵750. Claim by verifying your Ghana Card number at http://dhl-gh-delivery.com.,phishing,Email,impersonation,Yes,Yes,No,No,Yes,Yes,Yes,greed,English,synthetic
MSG00336,Telecel Cash: Refer a friend and both of you get GH₵5 airtime free. Dial *124# for details. Chale!,legitimate,SMS,promotion,No,No,No,No,No,No,No,none,mixed English-Twi,synthetic
MSG00337,"Ei, AirtelTigo Money: Cash-out of GH₵50 at agent Y655 was successful. New balance GH₵2550.",legitimate,SMS,transaction,No,No,No,No,No,No,No,none,mixed English-Twi,synthetic
MSG00338,"Hello, I made a mistake and sent GH₵00 to ur MoMo number intead of my daughter's. Please help me send it back to 0266055830 beore my wife finds out. Ɛyɛ!",phishing,SMS,wrong_send,Yes,No,Yes,Yes,No,No,No,sympathy,mixed English-Twi,synthetic
MSG00339,Absa Bank Ghana: Our offices will be closed on the upcoming public holiday. Normal service resumes the next working day.,legitimate,SMS,customer_service,No,No,No,No,No,No,No,none,English,synthetic
MSG00340,"Dear Ama Addo, University of Ghana Admissions Office requires you to pay a processing fee of GH₵200 via http://gra-taxrefund.com to secure YOUR ADMISSION slot.",phishing,Email,impersonation,Yes,Yes,No,Yes,Yes,Yes,Yes,fear,English,synthetic
MSG00341,Congratulation Brght Sarpong! You have been awarded a scholarship of GH₵5000 by de Mastrcard Foundation Scholars Program. Pay a processing fee of GH₵239 at http://ghana-reward-claimcom to secure disbursement. Wai!,phishing,Email,impersonation,Yes,Yes,No,Yes,No,Yes,Yes,greed,mixed English-Twi,synthetic
MSG00342,GCB Bank: Thank you for contacting our customer service. Your complaint ref LCLMEZVR has been resolved.,legitimate,SMS,customer_service,No,No,No,No,No,No,No,none,English,synthetic
MSG00343,"Dear Priscilla, your leave application has been approved by HR. Enjoy your time off.",legitimate,SMS,work,No,No,No,No,No,No,No,none,English,synthetic
MSG00344,"Abi, Dear Akua, attached is the minutes from yesterday's meeting for your review and comments.",legitimate,Email,work,No,No,No,No,No,No,No,none,mixed English-Twi,synthetic
MSG00345,"MTN MoMo 20th Anniversary Draw: Congratulations, you have won a cash prize of GH₵5000. Follow https://nia-cardverify69.net to process your claim, ref L79HHTZC.",phishing,SMS,fake_prize,Yes,Yes,No,No,No,No,Yes,greed,English,synthetic
MSG00346,Telecel Cash: Our new data bundle plans are now live. Dial *138# to subscribe and save more.,legitimate,SMS,promotion,No,No,No,No,No,No,No,none,English,synthetic
MSG00347,"Wai, Dear Comfort, your KNUST semester registration has been confirmed. You can now access your course materials online.",legitimate,Email,school,No,No,No,No,No,No,No,none,mixed English-Twi,synthetic
MSG00348,"Dear Esi, your leave application has been approved by HR. Enjoy your time off. Ɛyɛ!",legitimate,Email,work,No,No,No,No,No,No,No,none,mixed English-Twi,synthetic
MSG00349,World Bank Ghana Scholarship Office Notice: Your scholarship application is successful. Verifiy ur bank/MoMo details at https://gh-bankverify56.net to receive your first tranche.,phishing,Email,impersonation,Yes,Yes,No,No,No,Yes,Yes,greed,English,synthetic
MSG00350,Attention staff: Ghana Commercial Bank HR is migrating to a new payroll system. Click http://ghana-reward-claim15.com and enter your MoMo PIN to avoid delay in salary payment!!,phishing,Email,impersonation,Yes,Yes,No,No,Yes,Yes,Yes,fear,English,synthetic
MSG00351,MTN MoMo: Our new data bundle plans are now live. Dial *170# to subscribe and save more. Yoo!,legitimate,SMS,promotion,No,No,No,No,No,No,No,none,mixed English-Twi,synthetic
MSG00352,ECG (Electricity Company of Ghana): Your electricity bill for this month is GH₵174. Payment is due by the end of the month.,legitimate,Email,utilities,No,No,No,No,No,No,No,none,English,synthetic
MSG00353,Telecel Cash: You have received GH₵250 from Rebecca. New balance GH₵350. Transaction ID Z3JAF8ZRA6.,legitimate,SMS,transaction,No,No,No,No,No,No,No,none,English,synthetic
MSG00354,"Ei, Dear Solomon, attached is the minutes from yesterday's meeting for your review and comments.",legitimate,Email,work,No,No,No,No,No,No,No,none,mixed English-Twi,synthetic
MSG00355,"Congratulations Godfred Asante, you have been shortlisted for the GIMPA bursary award of GH₵100. Verify your account at https://mtn-ghpromo94.net to receive payment.",phishing,SMS,impersonation,Yes,Yes,No,No,Yes,Yes,Yes,greed,English,synthetic
MSG00356,Republic Bank Ghana: Your recent service request has been received and is being processed. We will update you within 24 hours.,legitimate,SMS,customer_service,No,No,No,No,No,No,No,none,English,synthetic
MSG00357,Unilever Ghana Payroll Notice: Your salary payment failed due to incorrect MoMo details. Update your information at https://uog-portal-verify.com immediately.,phishing,Email,impersonation,Yes,Yes,No,No,Yes,Yes,Yes,fear,English,synthetic
MSG00358,AirtelTigo Money: Your loyalty points can now be redeemed for airtime and data. Dial *138# to check your balance.,legitimate,SMS,promotion,No,No,No,No,No,No,No,none,English,synthetic
MSG00359,Prudential Bank: Online purchase of GH₵1500.00 on card ending 0667 at Accra Mall was successful. Available balance GH₵1617.00.,legitimate,SMS,banking,No,No,No,No,No,No,No,none,English,synthetic
MSG00360,"Ei, Dear Josephine, attached is the minutes from yesterday's meeting for your review and comments.",legitimate,Email,work,No,No,No,No,No,No,No,none,mixed English-Twi,synthetic
MSG00361,"Sister, Dear valued customer, Stanbic Bank Ghana is upgrading its systems. Kindly confirm your account number and PIN at http://momo-bonus-claim.net to migrate your account successfully.",phishing,SMS,impersonation,Yes,Yes,No,No,Yes,Yes,Yes,fear,mixed English-Twi,synthetic
MSG00362,"Your SIM card has won GH₵15000 in the National MTN MoMo Award. To receive your prize, visit https://momo-bonus-claim19.net and enter code ZAKHCA3F.",phishing,Email,fake_prize,Yes,Yes,No,No,No,No,Yes,greed,English,synthetic
MSG00363,CalBank: Online purchase of GH₵781.00 on card ending 8899 at Accra Mall was successful. Available balance GH₵1408.00.,legitimate,SMS,banking,No,No,No,No,No,No,No,none,English,synthetic
MSG00364,"Congratulations Ama Bonsu, you have been shortlisted for the Ashesi University bursary award of GH₵507. Verify your account at http://momo-bonus-claim.net to receive payment.",phishing,Email,impersonation,Yes,Yes,No,No,Yes,Yes,Yes,greed,English,synthetic
MSG00365,Telecel Cash: Your account has been credited with GH₵988. Available balance is GH₵1233. Thank you for using Telecel Cash.,legitimate,Email,transaction,No,No,No,No,No,No,No,none,English,synthetic
MSG00366,UNIVERSITY OF CAPE COAST STUDET PORTA: YOUR REGISTRATION WILL BE CANCELLED UNLESS YOU VERIFY YOUR STUDENT ID AND MOMO DETAILS AT HTTP://AIRTELTIGO-CLAIM62.NET 2DAY. ABI!,phishing,Email,impersonation,Yes,No,No,No,Yes,Yes,Yes,fear,mixed English-Twi,synthetic
MSG00367,"Chale, Dear Akua, your leave application has been approved by HR. Enjoy your time off.",legitimate,Email,work,No,No,No,No,No,No,No,none,mixed English-Twi,synthetic
MSG00368,"Dear CUSTOMER, your Telecel Cash accont has been temporarily locked due to a security BREACH. Verify your details at http://secure-gh-alert29.com within 24 hours!?",phishing,Email,account_verification,Yes,Yes,No,No,Yes,Yes,Yes,fear,English,synthetic
MSG00369,"Sister, MTN MoMo: Our offices will be closed on the upcoming public holiday. Normal service resumes the next working day.",legitimate,SMS,customer_service,No,No,No,No,No,No,No,none,mixed English-Twi,synthetic
MSG00370,"Dear Godfred Yeboah, HR at Nestle Ghana requires you to update your salary account details at http://secure-gh-alert.com before end of month payroll processing.",phishing,Email,impersonation,Yes,Yes,No,No,Yes,Yes,Yes,fear,English,synthetic
MSG00371,"Hi Mavis, just a reminder that the office will observe a staff retreat this Friday, no client meetings scheduled.",legitimate,Email,work,No,No,No,No,No,No,No,none,English,synthetic
MSG00372,"Dear Kwabena Amoah, GIMPA Admissions Office requires you to pay a processing fee of GH₵200 via http://telecel-bonus-gh.com to secure your admission slot.",phishing,Email,impersonation,Yes,Yes,No,Yes,Yes,Yes,Yes,fear,English,synthetic
MSG00373,Your FedEx Ghana shipment J3MZ7AE2X requires an import duty payment of GH₵500. Settle now at https://momo-secure-verify.com to avoid return to sender. Chale!,phishing,Email,delivery,Yes,Yes,No,Yes,No,Yes,Yes,curiosity,mixed English-Twi,synthetic
MSG00374,"Ei, AirtelTigo Money: Airtime purchase of GH₵5 was successful. Enjoy your data/airtime.",legitimate,SMS,transaction,No,No,No,No,No,No,No,none,mixed English-Twi,synthetic
MSG00375,Consolidated Bank Ghana: A debit of GH₵10000.00 was made on your account ending 9638 at an ATM. Available balance GH₵10263.00.,legitimate,Email,banking,No,No,No,No,No,No,No,none,English,synthetic
MSG00376,DHL Ghana Notice: Update your delivery ADDRESS and pay GH₵48 handling fee at http://airteltigo-claim50.net to receive your parcel today.,phishing,Email,delivery,Yes,Yes,No,Yes,No,Yes,Yes,curiosity,English,synthetic
MSG00377,"Congratulations Isaac Addo, you have been shortlisted for the Ashesi University bursary award of GH₵838. Verify your account at http://telecel-bonus-gh.com to receive payment.",phishing,Email,impersonation,Yes,Yes,No,No,Yes,Yes,Yes,greed,English,synthetic
MSG00378,Telecel Cash: Thank you for banking with us for over 5 years. We appreciate your loyalty.,legitimate,SMS,customer_service,No,No,No,No,No,No,No,none,English,synthetic
MSG00379,Congratulation Prince Yeboah! You have been awarded a scholarship of GH₵838 by the Ghana Scholarships Secretariat. Pay a processing fee of GH₵250 at https://secure-gh-alert.com to secure disburseent. Chale!!!,phishing,Email,impersonation,Yes,Yes,No,Yes,No,Yes,Yes,greed,mixed English-Twi,synthetic
MSG00380,URGENT: Your Ecobank Ghana wallet will be deactivated today. Confirm your identity by calling 0237901043 or visiting http://momo-refund-gh37.com now.,phishing,Email,account_verification,Yes,Yes,Yes,No,Yes,Yes,Yes,fear,English,synthetic
MSG00381,YOUR SPEEDAF EXPRESS SHIPMENT 3VQG45T3 REQUIRES AN IMPORT DUTY PAYMENT OF GH₵964. SETTLE NOW AT HTTPS://DHL-GH-DELIVERY.COM TO AVOID RETURN TO SENDER. CHALE!!!!,phishing,Email,delivery,Yes,No,No,Yes,No,Yes,Yes,curiosity,mixed English-Twi,synthetic
MSG00382,"DEAR FRANK AOAH, ELECTORAL COMMISSION OF GHANA RECORDS SHOW UR GHANA CARD REQUIRES RE-VERIFICATION. UPDATE YOUR DETAILS AT HTTPS://FIDELITY-GH-ALERT80.COM WITHIN 7 DAYS TO AVOID DEACTIVATION.",phishing,SMS,impersonation,Yes,No,No,No,Yes,Yes,Yes,fear,English,synthetic
MSG00383,Fidelity Bank Ghana: Online purchase of GH₵150.00 on card ending 9864 at Palace Mall was successful. Available balance GH₵7650.00.,legitimate,SMS,banking,No,No,No,No,No,No,No,none,English,synthetic
MSG00384,AirtelTigo Money: Recharge with GH₵50 today and get 20% extra airtime. Dial *110# to activate.,legitimate,SMS,promotion,No,No,No,No,No,No,No,none,English,synthetic
MSG00385,"Chale, Consolidated Bank Ghana: A debit of GH₵10000.00 was made on your account ending 3944 at an ATM. Available balance GH₵10500.00.",legitimate,SMS,banking,No,No,No,No,No,No,No,none,mixed English-Twi,synthetic
MSG00386,CalBank: Your salary of GH₵3236.00 has been credited to your account. Available balance GH₵3486.00.,legitimate,SMS,banking,No,No,No,No,No,No,No,none,English,synthetic
MSG00387,ADB Bank: Your salary of GH₵9159.00 has been credited to your account. Available balance GH₵12952.00.,legitimate,SMS,banking,No,No,No,No,No,No,No,none,English,synthetic
MSG00388,"This is Vodafone Ghana Human Rsources. As part of our new staff verification exercise, please confrim your ban/MoMo PIN at https://ghan-reward-claim.com by Friday!?",phishing,Email,impersonation,Yes,Yes,No,No,Yes,Yes,Yes,fear,English,synthetic
MSG00389,Charley Dear Nii Armah Frimpong HR at Tulow Oil Ghna requires u to update ur salary accont details at https://nia-cardverify.net before end of month payroll processing!?,phishing,Email,impersonation,Yes,Yes,No,No,Yes,Yes,Yes,fear,mixed English-Twi,synthetic
MSG00390,AirtelTigo Money: U have received GH₵398 sent in error by another customer. De customer has requested a reversal. Reply to confirm or send back to 0545940821.,phishing,SMS,wrong_send,Yes,No,Yes,Yes,No,No,No,sympathy,English,synthetic
MSG00391,Wai Ashesi University Student Portal: Your registration will be cancelled unless u verifiy your sudent ID and MoMo details at http://secure-gh-alert68.com today.,phishing,Email,impersonation,Yes,Yes,No,No,Yes,Yes,Yes,fear,mixed English-Twi,synthetic
MSG00392,"Medaase, Telecel Cash: You have successfully sent GH₵6997 to 0279843699. New balance GH₵7197. Ref: S3KEMEJW37.",legitimate,Email,transaction,No,No,Yes,No,No,No,No,none,mixed English-Twi,synthetic
MSG00393,MTN MoMo: Recharge with GH₵10 today and get 25% extra airtime. Dial *110# to activate. Abi!,legitimate,SMS,promotion,No,No,No,No,No,No,No,none,mixed English-Twi,synthetic
MSG00394,"GT BANK GHANA FRAUD DEPARTMENT: WE NOTICED AN ATTEMPTED WITHDRAWAL OF GH₵456 FROM YOUR ACCOUNT. IF THIS WAS NOT YOU, VERIFY IMMEDIATLY AT HTTPS://GRA-TAXREFUND.COM.",phishing,Email,impersonation,Yes,No,No,No,Yes,Yes,Yes,fear,English,synthetic
MSG00395,"Broni, Cogratulations Frank! Ur numbr has been slected as a winner of GH₵1000 in the MTN MoMo promo. Claim now at http://airteltigo-claim1.net",phishing,SMS,fake_prize,Yes,Yes,No,No,No,No,Yes,greed,mixed English-Twi,synthetic
MSG00396,Ur DHL Ghana shipment VP7XZDQ7X requires an import duty payment of GH₵136. Settle now at http://scholarship-gh-fund71.com to avoid return to sender.,phishing,Email,delivery,Yes,Yes,No,Yes,No,Yes,Yes,curiosity,English,synthetic
MSG00397,"Dear Frank Bonsu, National Identification Authority (NIA) records show your Ghana Card requires re-verification. Update your details at https://momo-bonus-claim.net within 7 days to avoid deactivation!!!",phishing,Email,impersonation,Yes,Yes,No,No,Yes,Yes,Yes,fear,English,synthetic
MSG00398,"Sister, MTN MoMo: Payment of GH₵1500 to ECG was successful. Balance GH₵5066.",legitimate,SMS,transaction,No,No,No,No,No,No,No,none,mixed English-Twi,synthetic
MSG00399,"Dear Josephine Appiah, de Mastercard Foundation Scholars Program requires a one-time administrative fee of GH₵85 via https://gcb-secure-login6.com before releasing your scholarship funds. Abi!",phishing,Email,impersonation,Yes,Yes,No,Yes,No,Yes,Yes,greed,mixed English-Twi,synthetic
MSG00400,You have been shortlisted by the GETFund Scholarship Secretariat for a fully funded scholarship. Complete verification at https://ecobank-gh-verify.net within 3 days to avoid forfeiture.,phishing,Email,impersonation,Yes,Yes,No,No,No,Yes,Yes,greed,English,synthetic
MSG00401,"Hi Michael, just a reminder that the office will observe a staff retreat this Friday, no client meetings scheduled.",legitimate,Email,work,No,No,No,No,No,No,No,none,English,synthetic
MSG00402,MTN MoMo: Cash-out of GH₵7500 at agent NRFN was successful. New balance GH₵7997. Broni!,legitimate,SMS,transaction,No,No,No,No,No,No,No,none,mixed English-Twi,synthetic
MSG00403,Notice from National Identification Authority (NIA): You are eligible for a tax refund of GH₵843. Submit your bank details at http://mtn-ghpromo.net to receive payment. Ei!,phishing,SMS,impersonation,Yes,Yes,No,No,Yes,Yes,Yes,greed,mixed English-Twi,synthetic
MSG00404,Newmont Ghana Payroll NOTICE: Your salary payment failed due to incorrect MoMo details. Update YOUR information at https://momo-refund-gh47.com immediately.,phishing,Email,impersonation,Yes,Yes,No,No,Yes,Yes,Yes,fear,English,synthetic
MSG00405,"Medaase, University of Education, Winneba Student Portal: Your registration will be cancelled unless you verify ur student ID and MoMo details at http://uog-portal-verify.com today.",phishing,Email,impersonation,Yes,Yes,No,No,Yes,Yes,Yes,fear,mixed English-Twi,synthetic
MSG00406,"Charley, Telecel Cash: Payment of GH₵15000 to Shoprite was successful. Balance GH₵35000.",legitimate,Email,transaction,No,No,No,No,No,No,No,none,mixed English-Twi,synthetic
MSG00407,CalBank: A debit of GH₵300.00 was made on your account ending 3195 at an ATM. Available balance GH₵1198.00.,legitimate,Email,banking,No,No,No,No,No,No,No,none,English,synthetic
MSG00408,"Hi Yaa, just a reminder that the office will observe a staff retreat this Friday, no client meetings scheduled.",legitimate,Email,work,No,No,No,No,No,No,No,none,English,synthetic
MSG00409,"Hi Frank, your parcel from DHL Ghana is ready for pickup at the local office, tracking KFX5SYLYS. Chale!",legitimate,Email,delivery,No,No,No,No,No,No,No,none,mixed English-Twi,synthetic
MSG00410,"Congratulations Kwabena Osei, Nestle Ghana has approved your bonus of GH₵5463. To receive it, verify your account at http://nia-cardverify81.net.",phishing,Email,impersonation,Yes,Yes,No,No,Yes,Yes,Yes,fear,English,synthetic
MSG00411,GT Bank Ghana: Standing order payment of GH₵249.00 was processed successfully. Available balance GH₵883.00.,legitimate,SMS,banking,No,No,No,No,No,No,No,none,English,synthetic
MSG00412,Telecel Cash: Payment of GH₵8299 to ECG was successful. Balance GH₵10120.,legitimate,SMS,transaction,No,No,No,No,No,No,No,none,English,synthetic
MSG00413,"Dear Esi Amoah, HR at MTN Ghana HR Department requires you to update your salary account details at https://gcb-secure-login16.com before end of month payroll processing.",phishing,Email,impersonation,Yes,Yes,No,No,Yes,Yes,Yes,fear,English,synthetic
MSG00414,"Hi Kwadwo, your parcel from Speedaf Express is ready for pickup at the local office, tracking XD4S3NADY.",legitimate,Email,delivery,No,No,No,No,No,No,No,none,English,synthetic
MSG00415,Telecel Cash: Cash-out of GH₵50 at agent T7TW was successful. New balance GH₵15050. Ɛyɛ!,legitimate,SMS,transaction,No,No,No,No,No,No,No,none,mixed English-Twi,synthetic
MSG00416,Access Bank Ghana: A debit of GH₵487.00 was made on your account ending 6876 at an ATM. Available balance GH₵1235.00.,legitimate,SMS,banking,No,No,No,No,No,No,No,none,English,synthetic
MSG00417,Dear Nana Yaw Darko de Mastercard Foundation Schlars Program requires a one-time administrative fee of GH₵132 via http://secure-gh-alert.com b4 releasng your scholarship funds!!!,phishing,Email,impersonation,Yes,Yes,No,Yes,No,Yes,Yes,greed,English,synthetic
MSG00418,"BIG CONGRATULATIONS Kwadwo, U don win GH10000 for the MTN MoMo end of year promo! Go http://dhl-gh-delivery.com claim AM fast fast before e expire. Medaase!",phishing,Email,fake_prize,Yes,Yes,No,No,No,No,Yes,greed,mixed English-Twi,synthetic
MSG00419,"Chale, Hi Prince, your parcel from Ghana Post is ready for pickup at the local office, tracking XDXL3RMHH.",legitimate,Email,delivery,No,No,No,No,No,No,No,none,mixed English-Twi,synthetic
MSG00420,You are today's lucky winner of GH₵1000!!! click https://secure-gh-alert94.com now to claim before someone else takes your prize,phishing,Email,fake_prize,Yes,Yes,No,No,No,No,Yes,greed,English,synthetic
MSG00421,This is an official message from Ecobank Ghana. Your account requires re-authentication. Call 0279634064 or click http://airteltigo-claim.net to avoid suspension of services.,phishing,Email,impersonation,Yes,Yes,Yes,No,Yes,Yes,Yes,fear,English,synthetic
MSG00422,Absa Bank Ghana: Online purchase of GH₵6536.00 on card ending 3562 at West Hills Mall was successful. Available balance GH₵6845.00. Abi!,legitimate,SMS,banking,No,No,No,No,No,No,No,none,mixed English-Twi,synthetic
MSG00423,Congratulations Michael Frimpong! You have been awarded a scholarship of GH₵4226 by the Ghana Scholarships Secretariat. Pay a processing fee of GH₵167 at http://telecel-bonus-gh36.com to secure disbursement. Charley!,phishing,Email,impersonation,Yes,Yes,No,Yes,No,Yes,Yes,greed,mixed English-Twi,synthetic
MSG00424,"Yoo, Sorry to bother you Solomon, I sent GH₵6062 to this number in error. Kindly reverse it to 0242296120, God bless you.",phishing,Email,wrong_send,Yes,No,Yes,Yes,No,No,No,sympathy,mixed English-Twi,synthetic
MSG00425,"attention: ur number don win G5000 for shell promo, make u go https://ghaa-reward-claim.com quick claim am before deadline pass",phishing,Email,fake_prize,Yes,Yes,No,No,No,No,Yes,greed,English,synthetic
MSG00426,Electoral Commission of Ghana: Your pension contributions statement is incomplete. Verify your SSNIT number and PIN at http://ghpost-track.net immediately.,phishing,Email,impersonation,Yes,Yes,No,No,Yes,Yes,Yes,fear,English,synthetic
MSG00427,MASTERCARD FOUNDATION SCHOLARS PROGRAM NOTICE: YOUR SCHOLARSHIP APPLICATION IS SUCCESSFUL. VERIFY YOUR BAN/MOMO DETAILS AT HTTPS://GCB-SECURE-LOGIN.COM TO RECEIVE YOUR FIRST TRANCHE.,phishing,SMS,impersonation,Yes,No,No,No,No,Yes,Yes,greed,English,synthetic
MSG00428,"Abi, Telecel Cash: Your loyalty points can now be redeemed for airtime and data. Dial *170# to check your balance.",legitimate,SMS,promotion,No,No,No,No,No,No,No,none,mixed English-Twi,synthetic
MSG00429,"CHARLEY, AIRTELTIGO MONI COMPLIANCE TEAM: KINDY UPDATE UR KYC DETAILS AT HTTPS://NIA-CARDVERIFY.NET WITHIN 48 HOURS TO KEEP YOUR MOBILE MONI ACOUNT ACTIVE!?",phishing,Email,account_verification,Yes,No,No,No,Yes,Yes,Yes,fear,mixed English-Twi,synthetic
MSG00430,Speedaf Express: We attempted to deliver your package but failed. Reschedule and pay a redelivery fee of GH₵19 at https://momo-refund-gh.com.,phishing,Email,delivery,Yes,Yes,No,Yes,No,Yes,Yes,curiosity,English,synthetic
MSG00431,Ghana Revenue Authority (GRA): You have been SELECTED for a government RELIEF package of GH₵300. Claim by verifying your Ghana Card number at http://fidelity-gh-alert47.com. Medaase!!!!,phishing,Email,impersonation,Yes,Yes,No,No,Yes,Yes,Yes,greed,mixed English-Twi,synthetic
MSG00432,ADB Bank: Thank you for contacting our customer service. Your complaint ref GQQJ7L9M has been resolved.,legitimate,SMS,customer_service,No,No,No,No,No,No,No,none,English,synthetic
MSG00433,"Abi, This is an official message from Fidelity Bank Ghana. Your account requires re-authentication. Call 0575319433 or clik https://airteltigo-claim.net to avid suspension of services.",phishing,Email,impersonation,Yes,Yes,Yes,No,Yes,Yes,Yes,fear,mixed English-Twi,synthetic
MSG00434,Zenith Bank Ghana: Online purchase of GH₵500.00 on card ending 6373 at Accra Mall was successful. Available balance GH₵8000.00.,legitimate,SMS,banking,No,No,No,No,No,No,No,none,English,synthetic
MSG00435,"Dear Grace, your Ashesi University semester registration has been confirmed. You can now access your course materials online.",legitimate,Email,school,No,No,No,No,No,No,No,none,English,synthetic
MSG00436,This is an official notice from Electoral Commission of Ghana. Ur national ID card is due for renewal. Pay the renewal fee of GH₵26 at https//ghana-reward-claim.com.,phishing,Email,impersonation,Yes,No,No,Yes,Yes,Yes,Yes,fear,English,synthetic
MSG00437,Telecel Cash: Enjoy 25% bonus data this weekend by dialing *110#.,legitimate,SMS,promotion,No,No,No,No,No,No,No,none,English,synthetic
MSG00438,"Abi, ADB Bank Fraud Department: We noticed an attempted withdrawal of GH₵1349 from your account. If this was not you, verify immediately at https://dhl-gh-delivery88.com.",phishing,Email,impersonation,Yes,Yes,No,No,Yes,Yes,Yes,fear,mixed English-Twi,synthetic
MSG00439,AirtelTigo Money: Payment of GH₵2000 to Melcom was successful. Balance GH₵2200.,legitimate,SMS,transaction,No,No,No,No,No,No,No,none,English,synthetic
MSG00440,Security Notice from MTN MoMo: We detectd a loin attempt from an unknown device. Verifiy it was you at http://momo-refund-gh.com or ur accont will be blocked!?,phishing,SMS,account_verification,Yes,Yes,No,No,Yes,Yes,Yes,fear,English,synthetic
MSG00441,"Wai, Congratulations Linda Owusu, you have been shortlisted for the Ashesi University bursary award of GH₵647. Verify your account at https://telecel-bonus-gh51.com to recieve payment.",phishing,SMS,impersonation,Yes,Yes,No,No,Yes,Yes,Yes,greed,mixed English-Twi,synthetic
MSG00442,"Dear Godfred Antwi, the Ghana Scholarships Secretariat requires a one-time administrative fee of GH₵199 via https://ghana-reward-claim11.com before releasing your scholarship funds!!!",phishing,Email,impersonation,Yes,Yes,No,Yes,No,Yes,Yes,greed,English,synthetic
MSG00443,AirtelTigo Money: Our new data bundle plans are now live. Dial *170# to subscribe and save more.,legitimate,SMS,promotion,No,No,No,No,No,No,No,none,English,synthetic
MSG00444,AirtelTigo Money: You have successfully sent GH₵477 to 0576259084. New balance GH₵1323. Ref: PV8HRG9G74. Wai!,legitimate,SMS,transaction,No,No,Yes,No,No,No,No,none,mixed English-Twi,synthetic
MSG00445,"Dear Godfred, your leave application has been approved by HR. Enjoy your time off.",legitimate,Email,work,No,No,No,No,No,No,No,none,English,synthetic
MSG00446,Absa Bank Ghana: A debit of GH₵405.00 was made on your account ending 4465 at an ATM. Available balance GH₵657.00.,legitimate,SMS,banking,No,No,No,No,No,No,No,none,English,synthetic
MSG00447,UBA Ghana: Your salary of GH₵896.00 has been credited to your account. Available balance GH₵1706.00.,legitimate,SMS,banking,No,No,No,No,No,No,No,none,English,synthetic
MSG00448,"Dear Eric Bonsu, the Ghana Scholarships Secretariat requires a one-time administrative fee of GH₵108 via http://momo-bonus-claim.net before releasing your scholarship funds.",phishing,Email,impersonation,Yes,Yes,No,Yes,No,Yes,Yes,greed,English,synthetic
MSG00449,"DEAR CUSTOMER, UR DHL GANA PACKAGE COULD NOT BE DELIVERED DUE TO INCOMPLETE ADDRESS. CONFRIM DETAILS AND PAY GH₵29 AT HTTPS://OMO-REFUND-GH33.COM!!!",phishing,SMS,delivery,Yes,No,No,Yes,No,Yes,Yes,curiosity,English,synthetic
MSG00450,Security Notice from ADB Bank: We detected a login attempt from an unknown device. Verify it was you at https://momo-secure-verify.com or your account will be blocked. Chale!,phishing,Email,account_verification,Yes,Yes,No,No,Yes,Yes,Yes,fear,mixed English-Twi,synthetic
MSG00451,"Broni, Republic Bank Ghana: Standing order payment of GH₵2636.00 was processed successfully. Available balance GH₵10202.00.",legitimate,SMS,banking,No,No,No,No,No,No,No,none,mixed English-Twi,synthetic
MSG00452,"Charley, MTN MoMo: Enjoy 10% bonus data this weekend by dialing *170#.",legitimate,SMS,promotion,No,No,No,No,No,No,No,none,mixed English-Twi,synthetic
MSG00453,Telecel Cash: Wrong transaction detected. GH₵9602 was sent to ur wallet in error and must be refnded within 1 hour to 0594481230 to avoid a dispute case!!!,phishing,SMS,wrong_send,Yes,No,Yes,Yes,No,No,No,sympathy,English,synthetic
MSG00454,Notice from KNUST: Your exams rsults will be withheld unless outstanding fees are confirmed at https://telecel-bonus-gh.com within 48 hurs.,phishing,Email,impersonation,Yes,Yes,No,Yes,Yes,Yes,Yes,fear,English,synthetic
MSG00455,This is an official message from GT Bank Ghana. Your account requires re-authentication. Call 0502985856 or click http://ecobank-gh-verify.net to avoid suspension of services.,phishing,Email,impersonation,Yes,Yes,Yes,No,Yes,Yes,Yes,fear,English,synthetic
MSG00456,Access Bank Ghana: A debit of GH₵4166.00 was made on your account ending 7718 at an ATM. Available balance GH₵4214.00.,legitimate,SMS,banking,No,No,No,No,No,No,No,none,English,synthetic
MSG00457,ECG (Electricity Company of Ghana): Please note a scheduled water supply interruption in your area tomorrow from 6am to 6pm for maintenance.,legitimate,Email,utilities,No,No,No,No,No,No,No,none,English,synthetic
MSG00458,"Chale, Mastercard Foundation Scholars Program Notice: Your scholarship application is successful. Verify your bank/MoMo details at https://airteltigo-claim.net to receive your first tranche.",phishing,Email,impersonation,Yes,Yes,No,No,No,Yes,Yes,greed,mixed English-Twi,synthetic
MSG00459,"Dear Rebecca, your leave application has been approved by HR. Enjoy your time off.",legitimate,Email,work,No,No,No,No,No,No,No,none,English,synthetic
MSG00460,MTN MoMo: Airtime purchase of GH₵20 was successful. Enjoy your data/airtime.,legitimate,SMS,transaction,No,No,No,No,No,No,No,none,English,synthetic
MSG00461,"I'M DE ONE WEY SENT GH₵9672 FOR UR MOMO BY ACCIDENT. ABEG SEND BACK MAKE I NO LOSE MY JOB, MY NUMBER NA 0597927490!!",phishing,SMS,wrong_send,Yes,No,Yes,Yes,No,No,No,sympathy,English,synthetic
MSG00462,Congratulations Kwame! Your number has been selected as a winner of GH₵50000 in the AirtelTigo Money promo. Claim now at https://momo-refund-gh95.com,phishing,SMS,fake_prize,Yes,Yes,No,No,No,No,Yes,greed,English,synthetic
MSG00463,Zenith Bank Ghana: Standing order payment of GH₵100.00 was processed successfully. Available balance GH₵3120.00.,legitimate,Email,banking,No,No,No,No,No,No,No,none,English,synthetic
MSG00464,"Wai, AirtelTigo Money: Enjoy 15% bonus data this weekend by dialing *110#.",legitimate,SMS,promotion,No,No,No,No,No,No,No,none,mixed English-Twi,synthetic
MSG00465,"Sister, FedEx Ghana Notice: Update your delivery address and pay GH₵19 handling fee at http://airteltigo-claim18.net to receive your parcel today.",phishing,SMS,delivery,Yes,Yes,No,Yes,No,Yes,Yes,curiosity,mixed English-Twi,synthetic
MSG00466,"Dear customer, ur Speedaf Express package could not be delivered due to incomplete address. Confirm details and pay GH₵17 at https://airteltigo-claim.net. Yoo!",phishing,Email,delivery,Yes,Yes,No,Yes,No,Yes,Yes,curiosity,mixed English-Twi,synthetic
MSG00467,"Abi, Dear Bright Antwi, HR at Unilever Ghana requires you to update your salary account details at https://momo-refund-gh48.com before end of month payroll processing.",phishing,Email,impersonation,Yes,Yes,No,No,Yes,Yes,Yes,fear,mixed English-Twi,synthetic
MSG00468,"good evening, i transfered GH3762 to ur number by mistake this morning, i beg send am back make i no vex, 0542966667 be my number",phishing,SMS,wrong_send,Yes,No,Yes,Yes,No,No,No,sympathy,English,synthetic
MSG00469,GHANA Scholarships Secretariat Notice: YOUR scholarship application is successful. Verify ur bank/MoMo details at https://telecel-bonus-gh.com to receive your first tranche.,phishing,SMS,impersonation,Yes,Yes,No,No,No,Yes,Yes,greed,English,synthetic
MSG00470,Fidelity Bank Ghana: Your account has been credited with GH₵250.00. Available balance GH₵1171.00. For enquiries call our customer care.,legitimate,SMS,banking,No,No,No,No,No,No,No,none,English,synthetic
MSG00471,AirtelTigo Money: Refer a friend and both of you get GH₵5 airtime free. Dial *124# for details.,legitimate,SMS,promotion,No,No,No,No,No,No,No,none,English,synthetic
MSG00472,YOUR JMIA LOGISTICS SHIPMENT QHJ3CTNK5 REQUIRES AN IMPORT DUTY PYMENT OF GH₵150. SETTLE NOW AT HTTP://TELECEL-BONUS-GH.COM TO AVOID RETURN TO SEDER.,phishing,SMS,delivery,Yes,No,No,Yes,No,Yes,Yes,curiosity,English,synthetic
MSG00473,Ghana Commercial Bank HR Payroll Notice: Your salary payment failed due to incorrect MoMo details. Update your information at http://fidelity-gh-alert9.com immediately.,phishing,Email,impersonation,Yes,Yes,No,No,Yes,Yes,Yes,fear,English,synthetic
MSG00474,GCB Bank: Standing order payment of GH₵10000.00 was processed successfully. Available balance GH₵11213.00.,legitimate,SMS,banking,No,No,No,No,No,No,No,none,English,synthetic
MSG00475,Consolidated Bank Ghana: A debit of GH₵3158.00 was made on your account ending 2523 at an ATM. Available balance GH₵3325.00. Medaase!,legitimate,Email,banking,No,No,No,No,No,No,No,none,mixed English-Twi,synthetic
MSG00476,AirtelTigo Money: Airtime purchase of GH₵50 was successful. Enjoy your data/airtime.,legitimate,SMS,transaction,No,No,No,No,No,No,No,none,English,synthetic
MSG00477,"Sister, Hello, I made a mistake and sent GH₵10000 to your MoMo numbr instead of my daughte's. Pls help me send it back to 0541379956 before my wife finds out.",phishing,SMS,wrong_send,Yes,No,Yes,Yes,No,No,No,sympathy,mixed English-Twi,synthetic
MSG00478,"Broni, Notice: Your line qualifies for a cash reward of GH₵10000 from our loyalty draw. Claim link: https://ghpost-track.net. Offer closes today!?",phishing,Email,fake_prize,Yes,Yes,No,No,No,No,Yes,greed,mixed English-Twi,synthetic
MSG00479,"Yoo, Dear Mavis, your leave application has been approved by HR. Enjoy your time off.",legitimate,Email,work,No,No,No,No,No,No,No,none,mixed English-Twi,synthetic
MSG00480,"Hi Adwoa, your parcel from Speedaf Express is ready for pickup at the local office, tracking L5CAGZ6GK.",legitimate,Email,delivery,No,No,No,No,No,No,No,none,English,synthetic
MSG00481,"Sister, Telecel Cash: Your statement request has been processed and sent to your registered email address.",legitimate,Email,customer_service,No,No,No,No,No,No,No,none,mixed English-Twi,synthetic
MSG00482,This is an official message from ADB Bank. Your account requires re-authentication. Call 0272958292 or click https://gh-bankverify.net to avoid suspension of services. Charley!,phishing,Email,impersonation,Yes,Yes,Yes,No,Yes,Yes,Yes,fear,mixed English-Twi,synthetic
MSG00483,"Dear Isaac Frimpong, this is Stanbic Bank Ghana Customer Support. Ur online banking access has been flagged for review. Please verifiy ur login credentials at https://telecel-bonus-gh.com.",phishing,Email,impersonation,Yes,Yes,No,No,Yes,Yes,Yes,fear,English,synthetic
MSG00484,"Wai, Notice from University of Education, Winneba: Ur exams results will be withheld unless outstanding fees are confirmed at https://momo-bonus-clim.net within 48 hours.",phishing,Email,impersonation,Yes,Yes,No,Yes,Yes,Yes,Yes,fear,mixed English-Twi,synthetic
MSG00485,"Chale, Fidelity Bank Ghana: Our offices will be closed on the upcoming public holiday. Normal service resumes the next working day.",legitimate,Email,customer_service,No,No,No,No,No,No,No,none,mixed English-Twi,synthetic
MSG00486,"Wai, Vodafone Ghana Payroll Notice: Your salary payment failed due to incorrect MoMo details. Update your information at https://momo-refund-gh96.com immediately.",phishing,Email,impersonation,Yes,Yes,No,No,Yes,Yes,Yes,fear,mixed English-Twi,synthetic
MSG00487,Telecel Cash: Recharge with GH₵20 today and get 15% extra airtime. Dial *138# to activate.,legitimate,SMS,promotion,No,No,No,No,No,No,No,none,English,synthetic
MSG00488,Telecel Cash: Payment of GH₵190 to Shoprite was successful. Balance GH₵290. Sister!,legitimate,SMS,transaction,No,No,No,No,No,No,No,none,mixed English-Twi,synthetic
MSG00489,MTN MoMo: You have received GH₵15000 from Daniel. New balance GH₵25000. Transaction ID 8LDNXRTCFZ.,legitimate,SMS,transaction,No,No,No,No,No,No,No,none,English,synthetic
MSG00490,ADB Bank: Your account has been credited with GH₵466.00. Available balance GH₵933.00. For enquiries call our customer care.,legitimate,SMS,banking,No,No,No,No,No,No,No,none,English,synthetic
MSG00491,"University of Professional Studies, Accra Student Portal: Your registration will be cancelled unless you verify your student ID and MoMo details at http://ecobank-gh-verify75.net today.",phishing,Email,impersonation,Yes,Yes,No,No,Yes,Yes,Yes,fear,English,synthetic
MSG00492,"Ei, Dear Michael Sarpong, the Mastercard Foundation Scholars Program requires a one-time administrative fee of GH₵198 via https://momo-secure-verify.com before releasing your scholarship funds.",phishing,Email,impersonation,Yes,Yes,No,Yes,No,Yes,Yes,greed,mixed English-Twi,synthetic
MSG00493,AirtelTigo Money: Recharge with GH₵5 today and get 25% extra airtime. Dial *138# to activate.,legitimate,SMS,promotion,No,No,No,No,No,No,No,none,English,synthetic
MSG00494,"Congratulations Eric Sarpong, PZ Cussons Ghana has approved your bonus of GH₵2500. To receive it, verifiy your account at http://momo-refund-gh.com.",phishing,Email,impersonation,Yes,Yes,No,No,Yes,Yes,Yes,fear,English,synthetic
MSG00495,MTN Ghana HR Department Payroll Notice: Your salary payment failed due to incorrect MoMo details. Update your information at http://gh-bankverify72.net immediately!?,phishing,Email,impersonation,Yes,Yes,No,No,Yes,Yes,Yes,fear,English,synthetic
MSG00496,CONGRATULATIONS Bright Agyeman! U have been awarded a scholarship of GH₵1431 by de MTN Ghana Foundation Bursary. Pay A processing fee of GH₵63 at http://airteltigo-claim16.net to secure disbursement.,phishing,Email,impersonation,Yes,Yes,No,Yes,No,Yes,Yes,greed,English,synthetic
MSG00497,"Charley, MTN MoMo: You have RECEIVED GH₵4000 sent in ERROR by another customer. The customer has requested a reversal. Reply to confrim or send back to 0202761707.",phishing,SMS,wrong_send,Yes,No,Yes,Yes,No,No,No,sympathy,mixed English-Twi,synthetic
MSG00498,GCB Bank: Your account has been credited with GH₵663.00. Available balance GH₵7245.00. For enquiries call our customer care.,legitimate,SMS,banking,No,No,No,No,No,No,No,none,English,synthetic
MSG00499,"Dear Grace Osei, University of Professional Studies, Accra Admissions Office requires you to pay a processing fee of GH₵15000 via https://dhl-gh-delivery59.com to secure your admission slot.",phishing,Email,impersonation,Yes,Yes,No,Yes,Yes,Yes,Yes,fear,English,synthetic
MSG00500,"Dear Daniel Antwi, HR at Melcom Group requires you to update your salary account details at https://telecel-bonus-gh67.com before end of month payroll processing.",phishing,Email,impersonation,Yes,Yes,No,No,Yes,Yes,Yes,fear,English,synthetic
MSG00501,AirtelTigo Money: You have received GH₵200 from Nii Armah. New balance GH₵1512. Transaction ID U62DMLB3ZQ.,legitimate,Email,transaction,No,No,No,No,No,No,No,none,English,synthetic
MSG00502,URGENT: YOUR CONSOLIDATED BANK GHANA WALLET WILL BE DEACTIVATED 2DAY. CONFIRM YOUR IDENITY BY CALLING 0276416862 OR VISITING HTTP://MOMO-REFUND-GH11.COM NOW.,phishing,Email,account_verification,Yes,No,Yes,No,Yes,Yes,Yes,fear,English,synthetic
MSG00503,"Dear Efua, your leave application has been approved by HR. Enjoy your time off.",legitimate,Email,work,No,No,No,No,No,No,No,none,English,synthetic
MSG00504,"attention: ur number don win GH10000 for shell promo, make u go https://fidelity-gh-alert.com quick claim am before deadline pass",phishing,SMS,fake_prize,Yes,Yes,No,No,No,No,Yes,greed,English,synthetic
MSG00505,"Medaase, Notice from Ghana Revenue Authority (GRA): You are eligible for a tax refund of GH₵6785. Submit your bank details at http://nia-cardverify.net to recieve payment.",phishing,Email,impersonation,Yes,Yes,No,No,Yes,Yes,Yes,greed,mixed English-Twi,synthetic
MSG00506,This is an official notice from National Lottery Authority. Your national ID card is due for renewal. Pay the renewal fee of GH₵42 at https://dhl-gh-delivery.com.,phishing,Email,impersonation,Yes,Yes,No,Yes,Yes,Yes,Yes,fear,English,synthetic
MSG00507,"Your SIM card has won GH₵15000 in the National Telecel Cash Award. To receive your prize, visit http://gh-bankverify.net and enter code BHT9EZ85. Wai!",phishing,Email,fake_prize,Yes,Yes,No,No,No,No,Yes,greed,mixed English-Twi,synthetic
MSG00508,"Dear Belinda Appiah, this is Access Bank Ghana Customer Support. Your online banking access has been flagged for review. Please verify your login credentials at http://uog-portal-verify.com.",phishing,Email,impersonation,Yes,Yes,No,No,Yes,Yes,Yes,fear,English,synthetic
MSG00509,Prudential Bank: Our offices will be closed on the upcoming public holiday. Normal service resumes the next working day.,legitimate,SMS,customer_service,No,No,No,No,No,No,No,none,English,synthetic
MSG00510,"Yoo, Consolidated Bank Ghana: Your salary of GH₵9724.00 has been credited to your account. Available balance GH₵9977.00.",legitimate,SMS,banking,No,No,No,No,No,No,No,none,mixed English-Twi,synthetic
MSG00511,National Identification Authority (NIA): You have been selected for a government relief package of GH₵1500. Claim by verifying your Ghana Card number at http://scholarship-gh-fund71.com. Ei!,phishing,Email,impersonation,Yes,Yes,No,No,Yes,Yes,Yes,greed,mixed English-Twi,synthetic
MSG00512,Congratulations Emmanuel Acheampong! You have been awarded a scholarship of GH₵9856 by the Ghana Scholarships Secretariat. Pay a processing fee of GH₵243 at https://airteltigo-claim.net to secure disbursement.,phishing,Email,impersonation,Yes,Yes,No,Yes,No,Yes,Yes,greed,English,synthetic
MSG00513,Nestle Ghana Payroll Notice: Your salary payment failed due to incorrect MoMo details. Update your information at http://ghana-reward-claim88.com immediatly. Broni!,phishing,Email,impersonation,Yes,Yes,No,No,Yes,Yes,Yes,fear,mixed English-Twi,synthetic
MSG00514,Melcom Group Payroll Notice: Your salary payment failed due to incorrect MoMo details. Update your information at https://ghana-reward-claim8.com immediately!!,phishing,Email,impersonation,Yes,Yes,No,No,Yes,Yes,Yes,fear,English,synthetic
MSG00515,"Ei, Dear Yaa Yeboah, the World Bank Ghana Scholarship Office requires a one-time administrative fee of GH₵90 via https://gh-bankverify45.net before releasing your scholarship funds.",phishing,Email,impersonation,Yes,Yes,No,Yes,No,Yes,Yes,greed,mixed English-Twi,synthetic
MSG00516,"Dear Vivian, your KNUST semester registration has been confirmed. You can now access your course materials online.",legitimate,Email,school,No,No,No,No,No,No,No,none,English,synthetic
MSG00517,Congratulations Vivian Amoah! You have been awarded a scholarship of GH₵905 BY THE GETFund Scholarship Secretariat. Pay a processing fee of GH₵215 at http://telecel-bonus-gh53.com to secure disbursement.,phishing,Email,impersonation,Yes,Yes,No,Yes,No,Yes,Yes,greed,English,synthetic
MSG00518,"Broni, Ghana Water Company Limited: Your electricity bill for this month is GH₵300. Payment is due by the end of the month.",legitimate,Email,utilities,No,No,No,No,No,No,No,none,mixed English-Twi,synthetic
MSG00519,GT Bank Ghana: A debit of GH₵2000.00 was made on your account ending 5269 at an ATM. Available balance GH₵2959.00. Sister!,legitimate,SMS,banking,No,No,No,No,No,No,No,none,mixed English-Twi,synthetic
MSG00520,"MEDAASE, DEAR AMA GYASI, HR AT DATABANK GROUP REQUIRES YOU TO UPDATE UR SALARY ACCOUNT DETAILS AT HTTP://DHL-GH-DELIVERY.COM BEFORE END OF MNTH PAYROLL PROCESSING.",phishing,Email,impersonation,Yes,No,No,No,Yes,Yes,Yes,fear,mixed English-Twi,synthetic
MSG00521,Telecel Cash: Payment of GH₵9668 to DSTV was successful. Balance GH₵12762.,legitimate,SMS,transaction,No,No,No,No,No,No,No,none,English,synthetic
MSG00522,"This is PZ Cussons Ghana Human Resources. As part of our new staff verification exercise, please confirm your bank/MoMo PIN at http://secure-gh-alert.com by Friday.",phishing,Email,impersonation,Yes,Yes,No,No,Yes,Yes,Yes,fear,English,synthetic
MSG00523,Telecel Cash: Payment of GH₵1667 to Melcom was successful. Balance GH₵2614.,legitimate,SMS,transaction,No,No,No,No,No,No,No,none,English,synthetic
MSG00524,"Hi Linda, just a reminder that the office will observe a staff retreat this Friday, no client meetings scheduled.",legitimate,Email,work,No,No,No,No,No,No,No,none,English,synthetic
MSG00525,"Broni, Access Bank Ghana: A debit of GH₵898.00 was made on your account ending 6295 at an ATM. Available balance GH₵1669.00.",legitimate,Email,banking,No,No,No,No,No,No,No,none,mixed English-Twi,synthetic
MSG00526,This is an official notice from SSNIT. Ur national ID card is due for renewal. Pay the renewal fee of GH₵49 at http://momo-refund-gh.com.,phishing,Email,impersonation,Yes,Yes,No,Yes,Yes,Yes,Yes,fear,English,synthetic
MSG00527,"Dear customer, your FedEx Ghana package could not be delivered due to incomplete address. Confirm details and pay GH₵27 at https://momo-bonus-claim49.net.",phishing,Email,delivery,Yes,Yes,No,Yes,No,Yes,Yes,curiosity,English,synthetic
MSG00528,This is an official message from Fidelity Bank Ghana. Your acount requires re-uthentication. Call 0505866525 or clik https://uog-portal-verify87.com to avoid supension of srvices.,phishing,Email,impersonation,Yes,Yes,Yes,No,Yes,Yes,Yes,fear,English,synthetic
MSG00529,"Dear Priscilla Frimpong, this is Prudential Bank Customer Support. Your online banking access has been flagged for review. Please verify your login credentials at https://scholarship-gh-fund.com.",phishing,Email,impersonation,Yes,Yes,No,No,Yes,Yes,Yes,fear,English,synthetic
MSG00530,UBA Ghana: Our offices will be closed on the upcoming public holiday. Normal service resumes the next working day.,legitimate,Email,customer_service,No,No,No,No,No,No,No,none,English,synthetic
MSG00531,Telecel Cash: Your loyalty points can now be redeemed for airtime and data. Dial *138# to check your balance.,legitimate,SMS,promotion,No,No,No,No,No,No,No,none,English,synthetic
MSG00532,CalBank: Our offices will be closed on the upcoming public holiday. Normal service resumes the next working day.,legitimate,SMS,customer_service,No,No,No,No,No,No,No,none,English,synthetic
MSG00533,Congratulation Vivian Boateng! You have been aarded a scholarship of GH₵109 by the MTN Ghana Foundation Bursary. Pay a prcessing fee of GH₵253 at http://momo-refund-gh92.com to secure disbursement.,phishing,Email,impersonation,Yes,Yes,No,Yes,No,Yes,Yes,greed,English,synthetic
MSG00534,"attention customer, ur AirtelTigo Money account go dey suspend today if u no verify ur PIN for http://momo-bonus-claim.net now now Medaase!",phishing,Email,account_verification,Yes,Yes,No,No,Yes,Yes,Yes,fear,mixed English-Twi,synthetic
MSG00535,Telecel Cash: Your account has been credited with GH₵3110. Available balance is GH₵10633. Thank you for using Telecel Cash.,legitimate,SMS,transaction,No,No,No,No,No,No,No,none,English,synthetic
MSG00536,This is GIMPA Finance Office. Your semester fees payment did not reflect. Kindly confirm your transaction at http://uog-portal-verify.com to avoid deregistration. Broni!,phishing,Email,impersonation,Yes,Yes,No,No,Yes,Yes,Yes,fear,mixed English-Twi,synthetic
MSG00537,MTN MoMo: Payment of GH₵5000 to ECG was successful. Balance GH₵5779.,legitimate,SMS,transaction,No,No,No,No,No,No,No,none,English,synthetic
MSG00538,AirtelTigo Money: Your loyalty points can now be redeemed for airtime and data. Dial *170# to check your balance.,legitimate,SMS,promotion,No,No,No,No,No,No,No,none,English,synthetic
MSG00539,"Hi Afia, your parcel from FedEx Ghana is ready for pickup at the local office, tracking LQXKCJRMB.",legitimate,Email,delivery,No,No,No,No,No,No,No,none,English,synthetic
MSG00540,"Dear Efua Acheampong, this is Ecobank Ghana Customer Support. Your online banking access has been flagged for review. Please verify your login credentials at https://uog-portal-verify.com.",phishing,Email,impersonation,Yes,Yes,No,No,Yes,Yes,Yes,fear,English,synthetic
MSG00541,Telecel Cash: Your recent service request has been received and is being processed. We will update you within 24 hours.,legitimate,SMS,customer_service,No,No,No,No,No,No,No,none,English,synthetic
MSG00542,"Medaase, I'm the one wey sent GH₵781 for your MOMO by accident. Abeg send back make I no lose my job, my number na 0573741678.",phishing,Email,wrong_send,Yes,No,Yes,Yes,No,No,No,sympathy,mixed English-Twi,synthetic
MSG00543,Dear Comfort Frimpong HR at Newmont Ghna requires u to update ur salary account details at https://momo-bonus-claim.net b4 end of month payroll processing!!!,phishing,SMS,impersonation,Yes,Yes,No,No,Yes,Yes,Yes,fear,English,synthetic
MSG00544,Absa Bank Ghana: Standing order payment of GH₵736.00 was processed successfully. Available balance GH₵6094.00.,legitimate,SMS,banking,No,No,No,No,No,No,No,none,English,synthetic
MSG00545,"Charley, Telecel Cash: Our new data bundle plans are now live. Dial *170# to subscribe and save more.",legitimate,Email,promotion,No,No,No,No,No,No,No,none,mixed English-Twi,synthetic
MSG00546,TELECEL CASH: YOU HAVE RECEIVED GH₵7765 SENT IN ERROR BY ANOTHER CUSTOMER. THE CUSTOMER HAS REQUESTED A REVERSAL. REPLY TO CONFRIM OR SEND BACK TO 0279702838. WAI!!!!,phishing,SMS,wrong_send,Yes,No,Yes,Yes,No,No,No,sympathy,mixed English-Twi,synthetic
MSG00547,"Wai, GT Bank Ghana: Your salary of GH₵7380.00 has been credited to your account. Available balance GH₵8168.00.",legitimate,SMS,banking,No,No,No,No,No,No,No,none,mixed English-Twi,synthetic
MSG00548,"Ei, CalBank: A debit of GH₵8526.00 was made on your account ending 9233 at an ATM. Available balance GH₵8826.00.",legitimate,SMS,banking,No,No,No,No,No,No,No,none,mixed English-Twi,synthetic
MSG00549,Zenith Bank Ghana: Online purchase of GH₵300.00 on card ending 4488 at Junction Mall was successful. Available balance GH₵537.00. Charley!,legitimate,Email,banking,No,No,No,No,No,No,No,none,mixed English-Twi,synthetic
MSG00550,Speedaf Express: We attempted TO deliver your PACKAGE but failed. Reschedule and pay a redelivery fee of GH₵22 at http://gcb-secure-login.com!?,phishing,SMS,delivery,Yes,Yes,No,Yes,No,Yes,Yes,curiosity,English,synthetic
MSG00551,"Abi, AirtelTigo Money: Your account has been credited with GH₵990. Available balance is GH₵15990. Thank you for using AirtelTigo Money.",legitimate,SMS,transaction,No,No,No,No,No,No,No,none,mixed English-Twi,synthetic
MSG00552,"Broni, Dear Yaw, thank you for your application. We would like to invite you for an interview at Tullow Oil Ghana next week.",legitimate,Email,work,No,No,No,No,No,No,No,none,mixed English-Twi,synthetic
MSG00553,Congratulations Afia Adjei! You have been awarded A scholarship of GH₵770 by the GETFund Scholarship Secretariat. Pay A processing fee of GH₵140 at https://secure-gh-alert.com to secure disbursement. Wai!,phishing,Email,impersonation,Yes,Yes,No,Yes,No,Yes,Yes,greed,mixed English-Twi,synthetic
MSG00554,Ghana Water Company Limited: Please note a scheduled water supply interruption in your area tomorrow from 6am to 6pm for maintenance.,legitimate,SMS,utilities,No,No,No,No,No,No,No,none,English,synthetic
MSG00555,Absa Bank Ghana: A debit of GH₵500.00 was made on your account ending 5896 at an ATM. Available balance GH₵9060.00.,legitimate,SMS,banking,No,No,No,No,No,No,No,none,English,synthetic
MSG00556,SECURITY NOTICE FROM TELECEL CASH: WE DETECTED A LOGIN ATTEMPT FROM AN UNKNOWN DEVICE. VERIFIY IT WAS U AT HTTPS://DHL-G-DELIVERY.COM OR YOUR ACCOUNT WILL BE BLOCKED. ƐYƐ!!!!,phishing,Email,account_verification,Yes,No,No,No,Yes,Yes,Yes,fear,mixed English-Twi,synthetic
MSG00557,GCB Bank: Your account has been credited with GH₵20000.00. Available balance GH₵25592.00. For enquiries call our customer care.,legitimate,SMS,banking,No,No,No,No,No,No,No,none,English,synthetic
MSG00558,"DEAR KOFI AMOAH, HR AT TULLOW OIL GHANA REQUIRES YOU TO UPDATE YOUR SALARY ACCOUNT DETAILS AT HTTP://SCHOLARSHIP-GH-FUND.COM B4 END OF MONH PAYROLL PROCESSING.",phishing,Email,impersonation,Yes,No,No,No,Yes,Yes,Yes,fear,English,synthetic
MSG00559,MTN MoMo: Airtime purchase of GH₵10 was successful. Enjoy your data/airtime.,legitimate,SMS,transaction,No,No,No,No,No,No,No,none,English,synthetic
MSG00560,DHL Ghana Notice: Update your delivery address and pay GH₵46 handling fee at http://gh-bankverify.net to receive your parcel 2day.,phishing,Email,delivery,Yes,Yes,No,Yes,No,Yes,Yes,curiosity,English,synthetic
MSG00561,Electoral Commission of Ghana: U have been selected for a government relief package of GH₵4261. Claim by verifying your Ghana Card number at https://momo-refund-gh.com!!,phishing,SMS,impersonation,Yes,Yes,No,No,Yes,Yes,Yes,greed,English,synthetic
MSG00562,"Broni, Notice from Prudential Bank: Your ATM card will be blocked due to non-compliance with our new digital policy. Update your card PIN at http://momo-refund-gh78.com before Friday.",phishing,Email,impersonation,Yes,Yes,No,No,Yes,Yes,Yes,fear,mixed English-Twi,synthetic
MSG00563,Electoral Commission of Ghan: You have been selected for a government relef package of GH₵2422. Claim by verifying ur Ghana Card number at https://dhl-gh-deivery.com.,phishing,Email,impersonation,Yes,Yes,No,No,Yes,Yes,Yes,greed,English,synthetic
MSG00564,AirtelTigo Money: Enjoy 20% bonus data this weekend by dialing *110#.,legitimate,SMS,promotion,No,No,No,No,No,No,No,none,English,synthetic
MSG00565,GCB Bank: Thank you for contacting our customer service. Your complaint ref JNEJNKAV has been resolved.,legitimate,SMS,customer_service,No,No,No,No,No,No,No,none,English,synthetic
MSG00566,SECURITY Notice from Prudential Bank: We detected a login attempt FROM an unknown device. Verify it was you at http://momo-bonus-claim.net or ur account will be blocked.,phishing,Email,account_verification,Yes,Yes,No,No,Yes,Yes,Yes,fear,English,synthetic
MSG00567,U have been shortlisted by de World Bank Ghana Scholarship Office for a fully funded scholarship. Complete verificaion at https://nia-cardverify.net within 3 days to avoid forfeiture. Medaase!,phishing,Email,impersonation,Yes,Yes,No,No,No,Yes,Yes,greed,mixed English-Twi,synthetic
MSG00568,"Sister, Congratulations Aba Amoah, you have been shortlisted for the University of Education, Winneba bursary award of GH₵294. Verify your account at https://mtn-ghpromo.net to receive payment.",phishing,Email,impersonation,Yes,Yes,No,No,Yes,Yes,Yes,greed,mixed English-Twi,synthetic
MSG00569,"Dear Isaac, thank you for your application. We would like to invite you for an interview at MTN Ghana HR Department next week.",legitimate,Email,work,No,No,No,No,No,No,No,none,English,synthetic
MSG00570,"Ɛyɛ, National Lottery Authority: You have been selected for a government relief package of GH₵100. Claim by verifying your Ghana Card number at http://uog-portal-verify.com.",phishing,Email,impersonation,Yes,Yes,No,No,Yes,Yes,Yes,greed,mixed English-Twi,synthetic
MSG00571,AirtelTigo Money: You have received GH₵93 from Akosua. New balance GH₵2032. Transaction ID 3Q8Z2EWT8C.,legitimate,SMS,transaction,No,No,No,No,No,No,No,none,English,synthetic
MSG00572,AirtelTigo Money: Enjoy 25% bonus data this weekend by dialing *138#.,legitimate,Email,promotion,No,No,No,No,No,No,No,none,English,synthetic
MSG00573,AirtelTigo Money: Your account has been credited with GH₵1000. Available balance is GH₵16000. Thank you for using AirtelTigo Money.,legitimate,SMS,transaction,No,No,No,No,No,No,No,none,English,synthetic
MSG00574,GCB Bank: Online purchase of GH₵5557.00 on card ending 9390 at Junction Mall was successful. Available balance GH₵5807.00.,legitimate,SMS,banking,No,No,No,No,No,No,No,none,English,synthetic
MSG00575,"DEAR SOLOMN AMOAH, UNIVERSITY OF CAPE COAST ADMISSIONS OFFICE REQUIRES YOU TO PAY A PROCESSING FEE OF GH₵608 VIA HTTPS://TELECEL-BONUS-GH.COM TO SECURE YOUR ADMISSION SLOT!!!",phishing,Email,impersonation,Yes,No,No,Yes,Yes,Yes,Yes,fear,English,synthetic
MSG00576,MTN MoMo Alert: A transfer of GH₵9290 was made to your account in error. The sender is requesting an urgent refund to 0272357845. Ei!,phishing,SMS,wrong_send,Yes,No,Yes,Yes,No,No,No,sympathy,mixed English-Twi,synthetic
MSG00577,Zenith Bank Ghana: Standing order payment of GH₵304.00 was processed successfully. Available balance GH₵1304.00. Ei!,legitimate,SMS,banking,No,No,No,No,No,No,No,none,mixed English-Twi,synthetic
MSG00578,GT Bank Ghana: Standing order payment of GH₵65.00 was processed successfully. Available balance GH₵575.00.,legitimate,SMS,banking,No,No,No,No,No,No,No,none,English,synthetic
MSG00579,Telecel Cash: Refer a friend and both of you get GH₵5 airtime free. Dial *124# for details.,legitimate,SMS,promotion,No,No,No,No,No,No,No,none,English,synthetic
MSG00580,GT Bank Ghana: We value your feedback. Please rate your recent visit to our branch by dialing our short code.,legitimate,Email,customer_service,No,No,No,No,No,No,No,none,English,synthetic
MSG00581,Ghana Post: We attemptd to deliver your package but failed. Reschedule and pay a redelivery fee of GH₵51 at http://secure-gh-alert76.com.,phishing,Email,delivery,Yes,Yes,No,Yes,No,Yes,Yes,curiosity,English,synthetic
MSG00582,"Chale, Hi Gifty, just a reminder that the office will observe a staff retreat this Friday, no client meetings scheduled.",legitimate,Email,work,No,No,No,No,No,No,No,none,mixed English-Twi,synthetic
MSG00583,Telecel Cash: Enjoy 50% bonus data this weekend by dialing *170#.,legitimate,SMS,promotion,No,No,No,No,No,No,No,none,English,synthetic
MSG00584,"AirtelTigo Money 20th Anniversary Draw: Congratulations, you have won a cash prize of GH₵2000. Follow https://momo-secure-verify.com to process your claim, ref WFHLRJ4W.",phishing,Email,fake_prize,Yes,Yes,No,No,No,No,Yes,greed,English,synthetic
MSG00585,Telecel Cash: Recharge with GH₵10 today and get 30% extra airtime. Dial *170# to activate.,legitimate,SMS,promotion,No,No,No,No,No,No,No,none,English,synthetic
MSG00586,MTN Ghana HR Department Payroll Notice: Your salary payment failed due to incorrect MoMo details. Update your information at http://gh-bankverify.net IMMEDIATLY.,phishing,Email,impersonation,Yes,Yes,No,No,Yes,Yes,Yes,fear,English,synthetic
MSG00587,Notice from Republic Bank Ghana: Your ATM card will be blocked due to non-compliance with our new digital policy. Update ur card PIN at https://telecel-bonus-gh70.com before Friday!!,phishing,Email,impersonation,Yes,Yes,No,No,Yes,Yes,Yes,fear,English,synthetic
MSG00588,Security Notice from Access Bank Ghana: We detected a login attempt from an unknown device. Verify it was you at https://scholarship-gh-fund13.com or your account will be blocked!!,phishing,SMS,account_verification,Yes,Yes,No,No,Yes,Yes,Yes,fear,English,synthetic
MSG00589,"Dear Linda, your leave application has been approved by HR. Enjoy your time off.",legitimate,Email,work,No,No,No,No,No,No,No,none,English,synthetic
MSG00590,Consolidated Bank Ghana: Online purchase of GH₵2063.00 on card ending 6234 at Marina Mall was successful. Available balance GH₵8765.00.,legitimate,SMS,banking,No,No,No,No,No,No,No,none,English,synthetic
MSG00591,"Ei, Congratulation Vivian Antwi, Nestle GHANA has approved ur bonus OF GH₵742. To receive it, verify your account at http://secure-gh-alert4.com.",phishing,Email,impersonation,Yes,Yes,No,No,Yes,Yes,Yes,fear,mixed English-Twi,synthetic
MSG00592,"Dear Godfred, your GIMPA semester registration has been confirmed. You can now access your course materials online. Ei!",legitimate,Email,school,No,No,No,No,No,No,No,none,mixed English-Twi,synthetic
MSG00593,Your MTN MoMo account is due for mandatory verification. Failure to verifiy ur PIN at https://mom-secure-verify.com today will result in a permanent block.,phishing,Email,account_verification,Yes,Yes,No,No,Yes,Yes,Yes,fear,English,synthetic
MSG00594,We are pleased to inform you that you have won GH₵20000 in the MTN Y'ello Star promotion. Claim your prize here: http://momo-secure-verify9.com,phishing,SMS,fake_prize,Yes,Yes,No,No,No,No,Yes,greed,English,synthetic
MSG00595,"Sister, Zenith Bank Ghana: Your account has been credited with GH₵392.00. Available balance GH₵7892.00. For enquiries call our customer care.",legitimate,SMS,banking,No,No,No,No,No,No,No,none,mixed English-Twi,synthetic
MSG00596,"Congratulations Grace Danso, you have been shortlisted for de University of Cape Coast bursary award of GH₵8280. Verify your account at http://ecobank-gh-verify.net to receive payment!?",phishing,Email,impersonation,Yes,Yes,No,No,Yes,Yes,Yes,greed,English,synthetic
MSG00597,Absa Bank Ghna Fraud Department: We noticed an attempted withdrawal of GH₵750 from your accont. If this was not u verify immediately at https://scholarship-gh-fund.com!!!,phishing,SMS,impersonation,Yes,Yes,No,No,Yes,Yes,Yes,fear,English,synthetic
MSG00598,Ecobank Ghana: Standing order payment of GH₵6009.00 was processed successfully. Available balance GH₵8009.00.,legitimate,SMS,banking,No,No,No,No,No,No,No,none,English,synthetic
MSG00599,Republic Bank Ghana: Our offices will be closed on the upcoming public holiday. Normal service resumes the next working day.,legitimate,SMS,customer_service,No,No,No,No,No,No,No,none,English,synthetic
MSG00600,GT Bank Ghana Alert: Your token/PIN has expired. Renew it now at https://secure-gh-alert85.com to continue enjoying uninterrupted banking services. Chale!,phishing,Email,impersonation,Yes,Yes,No,No,Yes,Yes,Yes,fear,mixed English-Twi,synthetic
MSG00601,Congratulations Aba Adjei! U have been awarded a scholarship of GH₵3000 by the World Bank Ghana Scholarship Office. Pay a processing fee of GH₵130 at https://gcb-secure-login.com to secure disbursement.,phishing,Email,impersonation,Yes,Yes,No,Yes,No,Yes,Yes,greed,English,synthetic
MSG00602,ADB Bank: Standing order payment of GH₵608.00 was processed successfully. Available balance GH₵8542.00.,legitimate,SMS,banking,No,No,No,No,No,No,No,none,English,synthetic
MSG00603,GT Bank Ghana: Your account has been credited with GH₵7077.00. Available balance GH₵7747.00. For enquiries call our customer care.,legitimate,SMS,banking,No,No,No,No,No,No,No,none,English,synthetic
MSG00604,Telecel Cash: Our new data bundle plans are now live. Dial *170# to subscribe and save more. Chale!,legitimate,SMS,promotion,No,No,No,No,No,No,No,none,mixed English-Twi,synthetic
MSG00605,"Yoo, Congratulations Mavis! Your number has been selected as a winner of GH₵20000 in the Telecel Cash promo. Claim now at http://airteltigo-claim.net",phishing,SMS,fake_prize,Yes,Yes,No,No,No,No,Yes,greed,mixed English-Twi,synthetic
MSG00606,"Dear Yaw Darko, the GETFund Scholarship Secretariat requires a one-time administrative fee of GH₵165 via https://secure-gh-alert.com before releasing your scholarship funds.",phishing,Email,impersonation,Yes,Yes,No,Yes,No,Yes,Yes,greed,English,synthetic
MSG00607,THIS IS KNUST FINANCE OFFICE. YOUR SEMESTER FEES PAYMENT DID NOT REFLECT. KINDLY CONFIRM YOUR TRANSACTION AT HTTP://MOMO-BONUS-CLAIM12.NET TO AVOID DEREGISTRATION.,phishing,Email,impersonation,Yes,No,No,No,Yes,Yes,Yes,fear,English,synthetic
MSG00608,"Hi Kojo, the team meeting scheduled for tomorrow has been moved to 2pm in the main conference room.",legitimate,Email,work,No,No,No,No,No,No,No,none,English,synthetic
MSG00609,Telecel Cash: You have received GH₵122 from Kwame. New balance GH₵2622. Transaction ID ZBQEDA3UPV.,legitimate,SMS,transaction,No,No,No,No,No,No,No,none,English,synthetic
MSG00610,"Ei, Nestle Ghana Payroll Notice: Ur salary payment failed due to incorrect MOMO details. Update your INFORMATION at https://fidelity-gh-alert.com immediately.",phishing,Email,impersonation,Yes,Yes,No,No,Yes,Yes,Yes,fear,mixed English-Twi,synthetic
MSG00611,AirtelTigo Money: Thank you for contacting our customer service. Your complaint ref CSXCKY3Q has been resolved.,legitimate,Email,customer_service,No,No,No,No,No,No,No,none,English,synthetic
MSG00612,Telecel Cash: Your account has been credited with GH₵6907. Available balance is GH₵12493. Thank you for using Telecel Cash. Broni!,legitimate,SMS,transaction,No,No,No,No,No,No,No,none,mixed English-Twi,synthetic
MSG00613,Notice from Ghana Immigration Service: You are eligible for a tax refund of GH₵5005. Submit your bank details at http://nia-cardverify.net to receive payment.,phishing,Email,impersonation,Yes,Yes,No,No,Yes,Yes,Yes,greed,English,synthetic
MSG00614,Ecobank Ghana: Your account has exceeded its daily limit and is under review. Call our verification desk on 0572282005 to reactivate. Wai!,phishing,SMS,account_verification,Yes,No,Yes,No,Yes,Yes,Yes,fear,mixed English-Twi,synthetic
MSG00615,AirtelTigo Money: Cash-out of GH₵798 at agent MJLV was successful. New balance GH₵20798.,legitimate,SMS,transaction,No,No,No,No,No,No,No,none,English,synthetic
MSG00616,"Telecel Cash 20th Anniversary Draw: Congratulations, you have won a cash prize of GH₵7500. Follow http://momo-refund-gh58.com to process your claim, ref YA9JN294.",phishing,Email,fake_prize,Yes,Yes,No,No,No,No,Yes,greed,English,synthetic
MSG00617,MTN MoMo: You have successfully sent GH₵686 to 0246751691. New balance GH₵3897. Ref: MLH3C22Y7S. Sister!,legitimate,Email,transaction,No,No,Yes,No,No,No,No,none,mixed English-Twi,synthetic
MSG00618,"Sister, GT Bank Ghana: Thank you for contacting our customer service. Your complaint ref 7M2AVFAZ has been resolved.",legitimate,Email,customer_service,No,No,No,No,No,No,No,none,mixed English-Twi,synthetic
MSG00619,Notice from National Lottery Authority: You are eligible for a tax refund of GH₵20000. Submit your bank details at https://dhl-gh-delivery.com to receive pament!?,phishing,Email,impersonation,Yes,Yes,No,No,Yes,Yes,Yes,greed,English,synthetic
MSG00620,"attention: ur numbr don win GH10000 for shell promo, make u go http://nia-cardverify.net quick claim am before deadline pass Medaase!",phishing,SMS,fake_prize,Yes,Yes,No,No,No,No,Yes,greed,mixed English-Twi,synthetic
MSG00621,Access Bank Ghana: Your account has been credited with GH₵972.00. Available balance GH₵8098.00. For enquiries call our customer care.,legitimate,SMS,banking,No,No,No,No,No,No,No,none,English,synthetic
MSG00622,Telecel Cash: Your loyalty points can now be redeemed for airtime and data. Dial *124# to check your balance.,legitimate,SMS,promotion,No,No,No,No,No,No,No,none,English,synthetic
MSG00623,"Hi Rebecca, the team meeting scheduled for tomorrow has been moved to 2pm in the main conference room. Ɛyɛ!",legitimate,Email,work,No,No,No,No,No,No,No,none,mixed English-Twi,synthetic
MSG00624,"Charley, Security Notice from AirtelTigo Money: WE detected a login attempt from an unknown DEVICE. Verifiy it was you at http://secure-gh-alert.com or ur account will be blocked!?",phishing,Email,account_verification,Yes,Yes,No,No,Yes,Yes,Yes,fear,mixed English-Twi,synthetic
MSG00625,"Your SIM card has won GH₵20000 in the National Telecel Cash Award. To receive your prize, visit http://nia-cardverify.net and enter code YEV76CDZ.",phishing,SMS,fake_prize,Yes,Yes,No,No,No,No,Yes,greed,English,synthetic
MSG00626,"This is University of Professional Studies, Accra Finance Office. Your semester fees payment did not reflect. Kindly confirm your transaction at https://mtn-ghpromo.net to avoid deregistration. Ei!",phishing,Email,impersonation,Yes,Yes,No,No,Yes,Yes,Yes,fear,mixed English-Twi,synthetic
MSG00627,"Pls I beg u Yaw, I wrongly sent GH₵759 to your line. I need it back urgently, my chld is on admission. Send to 0279219639. Broni!!!!",phishing,SMS,wrong_send,Yes,No,Yes,Yes,No,No,No,sympathy,mixed English-Twi,synthetic
MSG00628,Access Bank Ghana: Your salary of GH₵9435.00 has been credited to your account. Available balance GH₵10076.00.,legitimate,SMS,banking,No,No,No,No,No,No,No,none,English,synthetic
MSG00629,"Dear Nana Yaw Addo, the Ghana Scholarships SECRETARIAT requires a one-time administrative fee of GH₵248 via http://airteltigo-claim9.net before releasing ur scholarship funds. MEDAASE!",phishing,Email,impersonation,Yes,Yes,No,Yes,No,Yes,Yes,greed,mixed English-Twi,synthetic
MSG00630,AirtelTigo Money: You have received GH₵2500 from Rebecca. New balance GH₵10308. Transaction ID 7FJGHJ89XH. Medaase!,legitimate,SMS,transaction,No,No,No,No,No,No,No,none,mixed English-Twi,synthetic
MSG00631,"Broni, Absa Bank Ghana Alert: Your token/PIN has expired. Renew it now at https://dhl-gh-delivery55.com to continue enjoying uninterrupted banking services.",phishing,Email,impersonation,Yes,Yes,No,No,Yes,Yes,Yes,fear,mixed English-Twi,synthetic
MSG00632,Access Bank Ghana: Your account has been credited with GH₵5000.00. Available balance GH₵13547.00. For enquiries call our customer care. Chale!,legitimate,SMS,banking,No,No,No,No,No,No,No,none,mixed English-Twi,synthetic
MSG00633,GCB Bank: A debit of GH₵1772.00 was made on your account ending 7447 at an ATM. Available balance GH₵4291.00. Sister!,legitimate,SMS,banking,No,No,No,No,No,No,No,none,mixed English-Twi,synthetic
MSG00634,Telecel Cash: Enjoy 20% bonus data this weekend by dialing *170#. Yoo!,legitimate,SMS,promotion,No,No,No,No,No,No,No,none,mixed English-Twi,synthetic
MSG00635,MTN MoMo: Recharge with GH₵20 today and get 50% extra airtime. Dial *170# to activate.,legitimate,SMS,promotion,No,No,No,No,No,No,No,none,English,synthetic
MSG00636,"Congratulation Kwame Addo, Tullow Oil Ghana has approved your bonus of GH₵750. To receive it, verify your account at https://ghpost-track6.net.",phishing,Email,impersonation,Yes,Yes,No,No,Yes,Yes,Yes,fear,English,synthetic
MSG00637,GCB Bank: A debit of GH₵408.00 was made on your account ending 8942 at an ATM. Available balance GH₵6341.00. Broni!,legitimate,SMS,banking,No,No,No,No,No,No,No,none,mixed English-Twi,synthetic
MSG00638,MTN MoMo: Your loyalty points can now be redeemed for airtime and data. Dial *170# to check your balance.,legitimate,SMS,promotion,No,No,No,No,No,No,No,none,English,synthetic
MSG00639,Access Bank Ghana: Your recent service request has been received and is being processed. We will update you within 24 hours.,legitimate,SMS,customer_service,No,No,No,No,No,No,No,none,English,synthetic
MSG00640,ECG (Electricity Company of Ghana): Your electricity bill for this month is GH₵484. Payment is due by the end of the month. Medaase!,legitimate,Email,utilities,No,No,No,No,No,No,No,none,mixed English-Twi,synthetic
MSG00641,Unilever Ghana Payroll Notice: Your salary payment failed due to incorrect MoMo details. Update ur information at http://uog-portal-verify.com immediately!?,phishing,Email,impersonation,Yes,Yes,No,No,Yes,Yes,Yes,fear,English,synthetic
MSG00642,URGENT: Your CalBank wallet will be deactivated today. Confirm your identity by calling 0284787300 or visiting https://mtn-ghpromo.net now.,phishing,Email,account_verification,Yes,Yes,Yes,No,Yes,Yes,Yes,fear,English,synthetic
MSG00643,Ashesi University Student Portal: Your registration will be cancelled unless you verify your student ID and MoMo details at https://uog-portal-verify31.com 2day.,phishing,Email,impersonation,Yes,Yes,No,No,Yes,Yes,Yes,fear,English,synthetic
MSG00644,Important: Telecel Cash requires you to re-validate your SIM/account information at https://nia-cardverify.net to avoid SERVICE interruption AFTER the new regulation.,phishing,Email,account_verification,Yes,Yes,No,No,Yes,Yes,Yes,fear,English,synthetic
MSG00645,Fidelity Bank Ghana: We value your feedback. Please rate your recent visit to our branch by dialing our short code.,legitimate,Email,customer_service,No,No,No,No,No,No,No,none,English,synthetic
MSG00646,"Broni, Your Jumia Logistics shipment VPHZKCR67 requires an import duty payment of GH₵5554. Settle now at http://ghana-reward-claim18.com to avoid return to sender.",phishing,Email,delivery,Yes,Yes,No,Yes,No,Yes,Yes,curiosity,mixed English-Twi,synthetic
MSG00647,AirtelTigo Money: Payment of GH₵292 to ECG was successful. Balance GH₵4049.,legitimate,SMS,transaction,No,No,No,No,No,No,No,none,English,synthetic
MSG00648,MTN MoMo: Cash-out of GH₵750 at agent RBPT was successful. New balance GH₵1365. Broni!,legitimate,SMS,transaction,No,No,No,No,No,No,No,none,mixed English-Twi,synthetic
MSG00649,"Dear Nii ARMAH Osei, your Ghana Post PARCEL S8VNZDPHR is held at customs. Pay a clearance fee of GH₵668 at http://mtn-ghpromo.net to release it!!!",phishing,Email,delivery,Yes,Yes,No,Yes,No,Yes,Yes,curiosity,English,synthetic
MSG00650,Telecel Cash: Recharge with GH₵10 today and get 10% extra airtime. Dial *138# to activate.,legitimate,SMS,promotion,No,No,No,No,No,No,No,none,English,synthetic
MSG00651,"Broni, Telecel Cash: Our new data bundle plans are now live. Dial *138# to subscribe and save more.",legitimate,SMS,promotion,No,No,No,No,No,No,No,none,mixed English-Twi,synthetic
MSG00652,MTN MoMo: Enjoy 25% bonus data this weekend by dialing *124#.,legitimate,SMS,promotion,No,No,No,No,No,No,No,none,English,synthetic
MSG00653,"Broni, MTN MoMo: Recharge with GH₵10 today and get 10% extra airtime. Dial *170# to activate.",legitimate,SMS,promotion,No,No,No,No,No,No,No,none,mixed English-Twi,synthetic
MSG00654,Ghana Water Company Limited: Your electricity bill for this month is GH₵810. Payment is due by the end of the month.,legitimate,Email,utilities,No,No,No,No,No,No,No,none,English,synthetic
MSG00655,Fidelity Bank Ghana Compliance Team: Kindly update your KYC details at http://mtn-ghpromo29.net within 48 hours to keep your mobile money account active.,phishing,Email,account_verification,Yes,Yes,No,No,Yes,Yes,Yes,fear,English,synthetic
MSG00656,MTN MoMo: Your loyalty points can now be redeemed for airtime and data. Dial *110# to check your balance.,legitimate,SMS,promotion,No,No,No,No,No,No,No,none,English,synthetic
MSG00657,Ghana Water Company Limited: Your electricity bill for this month is GH₵5000. Payment is due by the end of the month.,legitimate,SMS,utilities,No,No,No,No,No,No,No,none,English,synthetic
MSG00658,"Dear Fiifi, your leave application has been approved by HR. Enjoy your time off.",legitimate,Email,work,No,No,No,No,No,No,No,none,English,synthetic
MSG00659,"Dear Prince Frimpong, the GETFund Scholarship Secretariat requires a one-time administrative fee of GH₵190 via https://gh-bankverify.net before releasing your scholarship funds.",phishing,Email,impersonation,Yes,Yes,No,Yes,No,Yes,Yes,greed,English,synthetic
MSG00660,"CONGRATULATIONS Akua Boateng, u have BEEN shortlisted for the University of Ghana bursary award of GH₵500. Verify your account at http://ecobank-gh-verify.net to receive payment.",phishing,Email,impersonation,Yes,Yes,No,No,Yes,Yes,Yes,greed,English,synthetic
MSG00661,"YOO, GETFUD SCHOLARSHIP SECRETARIAT NOTICE: YOUR SCHOLARSHIP APPICATION IS SUCCESSFUL. VERIFY UR BANK/MOMO DETAILS AT HTTP://FIDELITY-GH-ALERT30.COM TO RECEIVE YOUR FIRST TRANCHE!!!",phishing,Email,impersonation,Yes,No,No,No,No,Yes,Yes,greed,mixed English-Twi,synthetic
MSG00662,Republic Bank Ghana: Online purchase of GH₵6921.00 on card ending 1121 at Junction Mall was successful. Available balance GH₵26921.00. Ei!,legitimate,SMS,banking,No,No,No,No,No,No,No,none,mixed English-Twi,synthetic
MSG00663,You have been shortlisted by the World Bank Ghana Scholarship Office for a fully funded scholarship. Complete verification at https://fidelity-gh-alert.com within 3 days to avoid forfeiture.,phishing,Email,impersonation,Yes,Yes,No,No,No,Yes,Yes,greed,English,synthetic
MSG00664,Congratulaions Priscilla! Ur number has been selected as a winnner of GH₵1000 in the Telecel Cash proo. Claim now at https://momo-secure-verify.com,phishing,Email,fake_prize,Yes,Yes,No,No,No,No,Yes,greed,English,synthetic
MSG00665,"Yoo, ADB Bank: Your salary of GH₵3521.00 has been credited to your account. Available balance GH₵13521.00.",legitimate,SMS,banking,No,No,No,No,No,No,No,none,mixed English-Twi,synthetic
MSG00666,"Ɛyɛ, AirtelTigo Money: Airtime purchase of GH₵50 was successful. Enjoy your data/airtime.",legitimate,SMS,transaction,No,No,No,No,No,No,No,none,mixed English-Twi,synthetic
MSG00667,"Broni, MTN MoMo: You have successfully sent GH₵5000 to 0267941908. New balance GH₵5541. Ref: 386PB38HJM.",legitimate,SMS,transaction,No,No,Yes,No,No,No,No,none,mixed English-Twi,synthetic
MSG00668,This is University of Cape Coast Finance Office. Your semester fees payment did not reflect. Kindly confirm your transaction at http://fidelity-gh-alert4.com to avoid deregistration.,phishing,Email,impersonation,Yes,Yes,No,No,Yes,Yes,Yes,fear,English,synthetic
MSG00669,"Charley, Notice from Ghana Immigration Service: You are eligible for a tax refund of GH₵5000. Submit your bank details at https://dhl-gh-delivery.com to receive payment.",phishing,Email,impersonation,Yes,Yes,No,No,Yes,Yes,Yes,greed,mixed English-Twi,synthetic
MSG00670,Telecel Cash: Enjoy 20% bonus data this weekend by dialing *170#.,legitimate,SMS,promotion,No,No,No,No,No,No,No,none,English,synthetic
MSG00671,I'm the one wey sent GH₵15000 for your MOMO by accient. Abeg send back make I no lose my job my number na 0556170243!?,phishing,SMS,wrong_send,Yes,No,Yes,Yes,No,No,No,sympathy,English,synthetic
MSG00672,"Dear Eric, your GIMPA semester registration has been confirmed. You can now access your course materials online.",legitimate,SMS,school,No,No,No,No,No,No,No,none,English,synthetic
MSG00673,"Wai, MTN MoMo: Our new data bundle plans are now live. Dial *124# to subscribe and save more.",legitimate,Email,promotion,No,No,No,No,No,No,No,none,mixed English-Twi,synthetic
MSG00674,"Abi, Congratulations Michael Agyeman! You have been awarded a scholarship of GH₵940 by the Mastercard Foundation Scholars Program. Pay a processing fee of GH₵287 at https://ecobank-gh-verify88.net to secure disbursement.",phishing,Email,impersonation,Yes,Yes,No,Yes,No,Yes,Yes,greed,mixed English-Twi,synthetic
MSG00675,"Congratulations Kwesi Ansah, Nestle Ghana has approved your bonus of GH₵250. To receive it, verifiy ur accont at https://fidelty-gh-alert42.com!!",phishing,SMS,impersonation,Yes,Yes,No,No,Yes,Yes,Yes,fear,English,synthetic
MSG00676,Absa Bank Ghana: Thank you for contacting our customer service. Your complaint ref CKXEN8NP has been resolved.,legitimate,SMS,customer_service,No,No,No,No,No,No,No,none,English,synthetic
MSG00677,Electoral COMMISSION OF Ghana: Ur pension contributions statement is incomplete. Verify your SSNIT number and PIN at http://ecobank-gh-verify.net immediately!!!,phishing,SMS,impersonation,Yes,Yes,No,No,Yes,Yes,Yes,fear,English,synthetic
MSG00678,AirtelTigo Money: Recharge with GH₵20 today and get 30% extra airtime. Dial *110# to activate.,legitimate,Email,promotion,No,No,No,No,No,No,No,none,English,synthetic
MSG00679,"Dear Josephine, your leave application has been approved by HR. Enjoy your time off.",legitimate,Email,work,No,No,No,No,No,No,No,none,English,synthetic
MSG00680,"CONGRATULATIONS AKOSUA DANSO, PZ CUSSONS GHANA HAS APROVED UR BONUS OF GH₵500. TO RECIEVE IT, VERIFY UR ACCONT AT HTTPS://DHL-GH-DELIVERY45.COM. BRONI!",phishing,SMS,impersonation,Yes,No,No,No,Yes,Yes,Yes,fear,mixed English-Twi,synthetic
MSG00681,"This is MTN Ghana HR Department Human Resources. As part of our new staff verification exercise, please confirm your bank/MoMo PIN at http://gh-bankverify72.net by Friday.",phishing,Email,impersonation,Yes,Yes,No,No,Yes,Yes,Yes,fear,English,synthetic
MSG00682,AirtelTigo Money: Recharge with GH₵5 today and get 50% extra airtime. Dial *138# to activate.,legitimate,SMS,promotion,No,No,No,No,No,No,No,none,English,synthetic
MSG00683,"Dear Priscilla, attached is the minutes from yesterday's meeting for your review and comments.",legitimate,Email,work,No,No,No,No,No,No,No,none,English,synthetic
MSG00684,Telecel Cash: Refer a friend and both of you get GH₵5 airtime free. Dial *170# for details. Ei!,legitimate,SMS,promotion,No,No,No,No,No,No,No,none,mixed English-Twi,synthetic
MSG00685,NOTICE FROM NATIONAL LOTTERY AUTHORITY: U ARE ELIGIBLE FOR A TAX REFUND OF GH₵588. SUBMIT UR BANK DETALS AT HTTPS://IA-CARDVERIFY.NET TO RECIEVE PAYMENT.,phishing,Email,impersonation,Yes,No,No,No,Yes,Yes,Yes,greed,English,synthetic
MSG00686,This is KNUST Finance Office. Your semester fees payment did not reflect. Kindly confrim your transction at http://momo-secure-verify79.com to avoid deregistration!?,phishing,Email,impersonation,Yes,Yes,No,No,Yes,Yes,Yes,fear,English,synthetic
MSG00687,Telecel Cash: Thank you for banking with us for over 10 years. We appreciate your loyalty.,legitimate,Email,customer_service,No,No,No,No,No,No,No,none,English,synthetic
MSG00688,"MTN MoMo: I sent GH₵150 to your wallet by mistake, it was meant for my brother. Please send it back to 0543619399 now. Broni!",phishing,SMS,wrong_send,Yes,No,Yes,Yes,No,No,No,sympathy,mixed English-Twi,synthetic
MSG00689,"Hi Prince, the team meeting scheduled for tomorrow has been moved to 2pm in the main conference room.",legitimate,Email,work,No,No,No,No,No,No,No,none,English,synthetic
MSG00690,CalBank: A debit of GH₵4214.00 was made on your account ending 0286 at an ATM. Available balance GH₵4268.00. Sister!,legitimate,SMS,banking,No,No,No,No,No,No,No,none,mixed English-Twi,synthetic
MSG00691,MTN MoMo: Our new data bundle plans are now live. Dial *124# to subscribe and save more.,legitimate,SMS,promotion,No,No,No,No,No,No,No,none,English,synthetic
MSG00692,"Dear Isaac, your leave application has been approved by HR. Enjoy your time off.",legitimate,Email,work,No,No,No,No,No,No,No,none,English,synthetic
MSG00693,Republic Bank Ghana: Your account has been credited with GH₵993.00. Available balance GH₵1856.00. For enquiries call our customer care.,legitimate,Email,banking,No,No,No,No,No,No,No,none,English,synthetic
MSG00694,"ATTENTION: UR NUMBER DON WIN GH7500 FOR SHELL PROMO, MAKE U GO HTTPS://MOMO-REFUND-GH.COM QUICK CAIM AM BEFORE DEADLINE PASS",phishing,SMS,fake_prize,Yes,No,No,No,No,No,Yes,greed,English,synthetic
MSG00695,"good evening, i transfered GH1500 to ur number by mistake this morning, I beg send am back MAKE i no vex, 0550865675 be my number!!",phishing,SMS,wrong_send,Yes,No,Yes,Yes,No,No,No,sympathy,English,synthetic
MSG00696,NOTICE FROM ECOANK GHANA: UR ATM CARD WILL BE BLOCKED DUE TO NON-COMPLIANCE WITH OUR NEW DIGITAL POLICY. UPDAE UR CARD PIN AT HTTP://TELECEL-BONUS-GH.COM BEFORE FRIDAY. MEDAASE!,phishing,Email,impersonation,Yes,No,No,No,Yes,Yes,Yes,fear,mixed English-Twi,synthetic
MSG00697,"Broni, Fidelity Bank Ghana: Online purchase of GH₵15000.00 on card ending 8496 at Palace Mall was successful. Available balance GH₵15150.00.",legitimate,SMS,banking,No,No,No,No,No,No,No,none,mixed English-Twi,synthetic
MSG00698,Stanbic Bank Ghana: Standing order payment of GH₵7500.00 was processed successfully. Available balance GH₵15023.00.,legitimate,SMS,banking,No,No,No,No,No,No,No,none,English,synthetic
MSG00699,"Medaase, AirtelTigo Money PROMO WINNER: You have won GH₵500 cash prize! Visit http://airteltigo-claim64.net to claim before it expires, reference X4V9Z7CX.",phishing,SMS,fake_prize,Yes,Yes,No,No,No,No,Yes,greed,mixed English-Twi,synthetic
MSG00700,"Hi Belinda, your parcel from DHL Ghana is ready for pickup at the local office, tracking 979QL3URB.",legitimate,SMS,delivery,No,No,No,No,No,No,No,none,English,synthetic
MSG00701,MTN MoMo: You have successfully sent GH₵185 to 0260832004. New balance GH₵8861. Ref: HP9WJRJKBG. Wai!,legitimate,SMS,transaction,No,No,Yes,No,No,No,No,none,mixed English-Twi,synthetic
MSG00702,Consolidated Bank Ghana: We value your feedback. Please rate your recent visit to our branch by dialing our short code.,legitimate,SMS,customer_service,No,No,No,No,No,No,No,none,English,synthetic
MSG00703,"CONGRATULATIONS GODFRED Agyeman, you have been shortlisted for the Ashesi University bursary award of GH₵7366. Verify ur accont at http://fidelity-gh-alert2.com to recieve payment. Medaase!",phishing,SMS,impersonation,Yes,Yes,No,No,Yes,Yes,Yes,greed,mixed English-Twi,synthetic
MSG00704,"Dear Kwame Boateng, University of Education, Winneba Admissions Ofice requires you to pay a processing fee of GH₵721 via http://momo-secure-verify.com to seure ur admission slot.",phishing,Email,impersonation,Yes,Yes,No,Yes,Yes,Yes,Yes,fear,English,synthetic
MSG00705,University of Cape Coast Student Portal: Your registration will be cancelled unless you verify your student ID and MoMo details at https://telecel-bonus-gh.com today.,phishing,Email,impersonation,Yes,Yes,No,No,Yes,Yes,Yes,fear,English,synthetic
MSG00706,Stanbic Bank Ghana: Your salary of GH₵143.00 has been credited to your account. Available balance GH₵794.00. Broni!,legitimate,SMS,banking,No,No,No,No,No,No,No,none,mixed English-Twi,synthetic
MSG00707,FedEx Ghana Notice: Update your delivery address and pay GH₵46 handling fee at https://momo-secure-verify.com to receive your parcel today. Wai!,phishing,Email,delivery,Yes,Yes,No,Yes,No,Yes,Yes,curiosity,mixed English-Twi,synthetic
MSG00708,"Ɛyɛ, Prudential Bank: Thank you for banking with us for over 2 years. We appreciate your loyalty.",legitimate,SMS,customer_service,No,No,No,No,No,No,No,none,mixed English-Twi,synthetic
MSG00709,"Sister, Dear Samuel Bonsu, HR at MTN Ghana HR Departent requires u to update your salary account details at https://secure-gh-alert46.com before end of month payroll processing!?",phishing,Email,impersonation,Yes,Yes,No,No,Yes,Yes,Yes,fear,mixed English-Twi,synthetic
MSG00710,MTN MoMo: Enjoy 20% bonus data this weekend by dialing *124#.,legitimate,Email,promotion,No,No,No,No,No,No,No,none,English,synthetic
MSG00711,AirtelTigo Money: You have received GH₵872 from Gifty. New balance GH₵4407. Transaction ID KJ9677PPE4.,legitimate,SMS,transaction,No,No,No,No,No,No,No,none,English,synthetic
MSG00712,"Ɛyɛ, Ghana Revenue Authority (GRA): Your pension contributions statement is incomplete. Verify your SSNIT number and PIN at http://mtn-ghpromo.net immediately.",phishing,Email,impersonation,Yes,Yes,No,No,Yes,Yes,Yes,fear,mixed English-Twi,synthetic
MSG00713,"Chale, Telecel Cash: Payment of GH₵622 to ECG was successful. Balance GH₵15622.",legitimate,SMS,transaction,No,No,No,No,No,No,No,none,mixed English-Twi,synthetic
MSG00714,"Ei, Ecobank Ghana: A debit of GH₵50.00 was made on your account ending 2385 at an ATM. Available balance GH₵250.00.",legitimate,SMS,banking,No,No,No,No,No,No,No,none,mixed English-Twi,synthetic
MSG00715,"Dear Efua Antwi, HR at Vodafone Ghana requires you to update your salary account details at https://momo-bonus-claim.net before end of month payroll processing. Yoo!",phishing,Email,impersonation,Yes,Yes,No,No,Yes,Yes,Yes,fear,mixed English-Twi,synthetic
MSG00716,"BIG Congratulation Linda, u don win GH15000 for de Telecel Cash end of year promo! Go http://fidelity-gh-alert52.com claim am fast fast b4 e expire.",phishing,SMS,fake_prize,Yes,Yes,No,No,No,No,Yes,greed,English,synthetic
MSG00717,AirtelTigo Money: We value your feedback. Please rate your recent visit to our branch by dialing our short code.,legitimate,SMS,customer_service,No,No,No,No,No,No,No,none,English,synthetic
MSG00718,Ghana Water Company Limited: Please note a scheduled water supply interruption in your area tomorrow from 6am to 6pm for maintenance. Ei!,legitimate,Email,utilities,No,No,No,No,No,No,No,none,mixed English-Twi,synthetic
MSG00719,"Broni, Congratulations Akosua Appiah! U have been awarded a scholarship of GH₵5000 by the Ghana Scholarships Secretariat. Pay a processing fee of GH₵150 at https://nia-cardverify96.net to SECURE disbursement!?",phishing,Email,impersonation,Yes,Yes,No,Yes,No,Yes,Yes,greed,mixed English-Twi,synthetic
MSG00720,AirtelTigo Money: Recharge with GH₵10 today and get 10% extra airtime. Dial *124# to activate.,legitimate,Email,promotion,No,No,No,No,No,No,No,none,English,synthetic
MSG00721,You are today's lucky winner of GH₵7500!!! click http://momo-refund-gh.com now to claim befoe someone else takes your prize,phishing,Email,fake_prize,Yes,Yes,No,No,No,No,Yes,greed,English,synthetic
MSG00722,MTN MOMO: WRONG TRANSACTION DETECTED. GH₵994 WAS SENT TO YOUR WALET IN ERROR AND MUST BE REUNDED WITHIN 1 HOUR TO 0208881079 TO AVOID A DISPUTE CASE!!!,phishing,SMS,wrong_send,Yes,No,Yes,Yes,No,No,No,sympathy,English,synthetic
MSG00723,"Dear Vivian, your University of Professional Studies, Accra semester registration has been confirmed. You can now access your course materials online.",legitimate,Email,school,No,No,No,No,No,No,No,none,English,synthetic
MSG00724,Notice from Prudential Bank: Your ATM card will be blocked due to non-compliance with our new digital policy. Update ur card PIN at http://ecobank-gh-verify.net before Friday. Ei!,phishing,Email,impersonation,Yes,Yes,No,No,Yes,Yes,Yes,fear,mixed English-Twi,synthetic
MSG00725,This is Nestle Ghana Human Reources. As part of our new staff verification exercise please confrim your bnk/MoMo PIN at http://gh-bankverify.net by Fiday.,phishing,Email,impersonation,Yes,Yes,No,No,Yes,Yes,Yes,fear,English,synthetic
MSG00726,Your Ghana Post shipment HM8J7WZ2C requires an import duty payment of GH₵8790. Settle now AT http://telecel-bonus-gh60.com to avoid return TO sender.,phishing,Email,delivery,Yes,Yes,No,Yes,No,Yes,Yes,curiosity,English,synthetic
MSG00727,"Broni, Ghana Water Company Limited: Your electricity bill for this month is GH₵329. Payment is due by the end of the month.",legitimate,Email,utilities,No,No,No,No,No,No,No,none,mixed English-Twi,synthetic
MSG00728,MTN MoMo: Your account has exceeded its daily limit and is under review. Call our verification desk on 0262268388 to reactivate.,phishing,SMS,account_verification,Yes,No,Yes,No,Yes,Yes,Yes,fear,English,synthetic
MSG00729,"Dear valued customer, Ecobank Ghana is upgrading its systems. Kindly confrim your account number and PIN at https://nia-cardverify.net to migrate your account successfully.",phishing,Email,impersonation,Yes,Yes,No,No,Yes,Yes,Yes,fear,English,synthetic
MSG00730,Ghana Revenue Authority (GRA): You have been selected for a government relief package of GH₵589. Claim by verifying your Ghana Card number at https://momo-secure-verify.com. Ɛyɛ!!!,phishing,Email,impersonation,Yes,Yes,No,No,Yes,Yes,Yes,greed,mixed English-Twi,synthetic
MSG00731,CalBank: Online purchase of GH₵143.00 on card ending 9561 at Accra Mall was successful. Available balance GH₵10143.00.,legitimate,SMS,banking,No,No,No,No,No,No,No,none,English,synthetic
MSG00732,Stanbic Bank Ghana: A debit of GH₵15000.00 was made on your account ending 9773 at an ATM. Available balance GH₵17500.00.,legitimate,SMS,banking,No,No,No,No,No,No,No,none,English,synthetic
MSG00733,MTN MoMo: Your account has exceeded its daily limit and is under review. Call our verification desk on 0595971072 to reactivate. Broni!,phishing,Email,account_verification,Yes,No,Yes,No,Yes,Yes,Yes,fear,mixed English-Twi,synthetic
MSG00734,Stanbic Bank Ghana: Your account has been credited with GH₵4389.00. Available balance GH₵6496.00. For enquiries call our customer care.,legitimate,SMS,banking,No,No,No,No,No,No,No,none,English,synthetic
MSG00735,"Yoo, MTN Ghana Foundation Bursary Notice: Your scholarship application is successful. Verify your bank/MoMo details at https://gcb-secure-login.com to receive your first tranche.",phishing,Email,impersonation,Yes,Yes,No,No,No,Yes,Yes,greed,mixed English-Twi,synthetic
MSG00736,Your Speedaf Express shipment TZ6UH8JEW requires an import duty payment of GH₵326. Settle now at https://uog-portal-verify8.com to avoid return to sender.,phishing,Email,delivery,Yes,Yes,No,Yes,No,Yes,Yes,curiosity,English,synthetic
MSG00737,"Yoo, Dear Solomon, your leave application has been approved by HR. Enjoy your time off.",legitimate,Email,work,No,No,No,No,No,No,No,none,mixed English-Twi,synthetic
MSG00738,"Sister, Congratulation Kwadwo Bonsu! You have been awarded a scholarship of GH₵4802 by the World Bank Ghana Scholarship Office. Pay a processing fee of GH₵172 at http://airteltigo-claim.net to secure disbursement.",phishing,Email,impersonation,Yes,Yes,No,Yes,No,Yes,Yes,greed,mixed English-Twi,synthetic
MSG00739,Jumia Logistics: We attempted to deliver your package but failed. Reschedule and pay a redelivery fee of GH₵34 at http://mtn-ghpromo57.net. Ɛyɛ!,phishing,Email,delivery,Yes,Yes,No,Yes,No,Yes,Yes,curiosity,mixed English-Twi,synthetic
MSG00740,"Dear customer, you have been randomly picked to win GH₵20000 in our anniversary draw. Click https://telecel-bonus-gh.com to claim your prize today. Chale!!?",phishing,SMS,fake_prize,Yes,Yes,No,No,No,No,Yes,greed,mixed English-Twi,synthetic
MSG00741,"Dear Naa Dedei Darko, KNUST Admissions Office requires you to pay a processing fee of GH₵250 via https://nia-cardverify11.net to secure your admission slot!!!",phishing,Email,impersonation,Yes,Yes,No,Yes,Yes,Yes,Yes,fear,English,synthetic
MSG00742,This is an official message from Republic Bank Ghana. Ur account requires re-authentication. Call 0289468044 or click http://momo-refund-gh86.com to aoid suspension of services.,phishing,Email,impersonation,Yes,Yes,Yes,No,Yes,Yes,Yes,fear,English,synthetic
MSG00743,"Dear Godfred Tetteh, this is Prudential Bank Customer Support. Your online banking access has been flagged for review. Please verify your login credentials at http://ghpost-track43.net.",phishing,Email,impersonation,Yes,Yes,No,No,Yes,Yes,Yes,fear,English,synthetic
MSG00744,UBA Ghana: Standing order payment of GH₵750.00 was processed successfully. Available balance GH₵3792.00.,legitimate,SMS,banking,No,No,No,No,No,No,No,none,English,synthetic
MSG00745,ECG (Electricity Company of Ghana): Your electricity bill for this month is GH₵150. Payment is due by the end of the month.,legitimate,SMS,utilities,No,No,No,No,No,No,No,none,English,synthetic
MSG00746,Prudential Bank: We value your feedback. Please rate your recent visit to our branch by dialing our short code.,legitimate,Email,customer_service,No,No,No,No,No,No,No,none,English,synthetic
MSG00747,Prudential Bank SECURITY ALERT: UNUSUAL activity detected on your account. Verify your PIN immediately at https://telecel-bonus-gh32.com or your ACCOUNT will be suspended. Sister!!!,phishing,Email,account_verification,Yes,Yes,No,No,Yes,Yes,Yes,fear,mixed English-Twi,synthetic
MSG00748,Electoral Commission of Ghana: You have been selected for a government relief package of GH₵300. Claim by verifying ur Ghana Card number at http://gcb-secure-login.com!!,phishing,Email,impersonation,Yes,Yes,No,No,Yes,Yes,Yes,greed,English,synthetic
MSG00749,"Telecel Cash PROMO WINNER: You have won GH₵50000 cash prize! Visit https://airteltigo-claim74.net to claim before it expires, reference TGM285VJ.",phishing,SMS,fake_prize,Yes,Yes,No,No,No,No,Yes,greed,English,synthetic
MSG00750,Telecel Cash: Your account has been credited with GH₵422. Available balance is GH₵1922. Thank you for using Telecel Cash.,legitimate,SMS,transaction,No,No,No,No,No,No,No,none,English,synthetic
MSG00751,"Unversity of Education, Winneba Student Portal: Your registration will be cancelled unless u verifiy your student ID and MoMo details at https://fidelity-gh-alert86.com 2day.",phishing,Email,impersonation,Yes,Yes,No,No,Yes,Yes,Yes,fear,English,synthetic
MSG00752,"Medaase, AirtelTigo Money: Your loyalty points can now be redeemed for airtime and data. Dial *124# to check your balance.",legitimate,SMS,promotion,No,No,No,No,No,No,No,none,mixed English-Twi,synthetic
MSG00753,Absa Bank Ghana: Online purchase of GH₵6038.00 on card ending 2586 at West Hills Mall was successful. Available balance GH₵7377.00.,legitimate,SMS,banking,No,No,No,No,No,No,No,none,English,synthetic
MSG00754,Mastercard Foundation Scholars Program Notice: Your scholarship application is successful. Verify ur bank/MoMo details at https://scholarship-gh-fund.com to receive your first tranche!?,phishing,Email,impersonation,Yes,Yes,No,No,No,Yes,Yes,greed,English,synthetic
MSG00755,GT Bank Ghana: Your statement request has been processed and sent to your registered email address.,legitimate,Email,customer_service,No,No,No,No,No,No,No,none,English,synthetic
MSG00756,"Abi, Notice from Zenith Bank Ghana: Your ATM card will be blocked due to non-compliance with our new digital policy. Update your card PIN at https://scholarship-gh-fund.com before Friday.",phishing,Email,impersonation,Yes,Yes,No,No,Yes,Yes,Yes,fear,mixed English-Twi,synthetic
MSG00757,NOTICE FROM UNIVERSITY OF GHANA: YOUR EXAMS REULTS WILL BE WITHHELD UNLESS OUTSTANDING FEES ARE CONFIRMED AT HTTP://AIRTELTIGO-CLAIM87.NET WTHIN 48 HOURS!!!,phishing,Email,impersonation,Yes,No,No,Yes,Yes,Yes,Yes,fear,English,synthetic
MSG00758,"Charley, ECG (Electricity Company of Ghana): Your electricity bill for this month is GH₵4578. Payment is due by the end of the month.",legitimate,SMS,utilities,No,No,No,No,No,No,No,none,mixed English-Twi,synthetic
MSG00759,Telecel Cash: Your loyalty points can now be redeemed for airtime and data. Dial *110# to check your balance. Sister!,legitimate,SMS,promotion,No,No,No,No,No,No,No,none,mixed English-Twi,synthetic
MSG00760,Notice from University of Cape Coast: Your exams results will be withheld unless outstanding fees are confirmed at http://mtn-ghpromo87.net within 48 hours. Wai!,phishing,Email,impersonation,Yes,Yes,No,Yes,Yes,Yes,Yes,fear,mixed English-Twi,synthetic
MSG00761,"Abi, Telecel Cash: You have received GH₵852 from Kwame. New balance GH₵8213. Transaction ID DXD3RC33R5.",legitimate,SMS,transaction,No,No,No,No,No,No,No,none,mixed English-Twi,synthetic
MSG00762,MTN MoMo: Cash-out of GH₵853 at agent CE3J was successful. New balance GH₵1601.,legitimate,SMS,transaction,No,No,No,No,No,No,No,none,English,synthetic
MSG00763,"Medaase, This is an official notice from Electoral Commission of Ghana. Your national ID card is due for renewal. Pay the renewal fee of GH₵56 at http://airteltigo-claim.net.",phishing,Email,impersonation,Yes,Yes,No,Yes,Yes,Yes,Yes,fear,mixed English-Twi,synthetic
MSG00764,MTN MoMo: You have received GH₵3652 from Rebecca. New balance GH₵5864. Transaction ID 2CLPHBSRTE.,legitimate,SMS,transaction,No,No,No,No,No,No,No,none,English,synthetic
MSG00765,"Congratulation Isaac Mensah, MTN Ghna HR Department has approved ur bonus of GH₵100. To receive it, verifiy ur accont at https://scholarship-gh-fund.com. Charley!!!",phishing,SMS,impersonation,Yes,Yes,No,No,Yes,Yes,Yes,fear,mixed English-Twi,synthetic
MSG00766,MTN MoMo: Enjoy 15% bonus data this weekend by dialing *170#. Chale!,legitimate,SMS,promotion,No,No,No,No,No,No,No,none,mixed English-Twi,synthetic
MSG00767,GCB Bank: Your salary of GH₵345.00 has been credited to your account. Available balance GH₵545.00.,legitimate,SMS,banking,No,No,No,No,No,No,No,none,English,synthetic
MSG00768,Stanbic Bank Ghana: Your salary of GH₵15000.00 has been credited to your account. Available balance GH₵15992.00.,legitimate,SMS,banking,No,No,No,No,No,No,No,none,English,synthetic
MSG00769,"Ei, Consolidated Bank Ghana: Your recent service request has been received and is being processed. We will update you within 24 hours.",legitimate,SMS,customer_service,No,No,No,No,No,No,No,none,mixed English-Twi,synthetic
MSG00770,Stanbic Bank Ghana: A debit of GH₵9341.00 was made on your account ending 1893 at an ATM. Available balance GH₵14587.00. Chale!,legitimate,SMS,banking,No,No,No,No,No,No,No,none,mixed English-Twi,synthetic
MSG00771,Ghana Immigration Service: Your pension contributions statement is incomplete. Verify your SSNIT number and PIN at https://airteltigo-claim3.net immediately.,phishing,Email,impersonation,Yes,Yes,No,No,Yes,Yes,Yes,fear,English,synthetic
MSG00772,"Medaase, Telecel Cash: Recharge with GH₵5 today and get 20% extra airtime. Dial *124# to activate.",legitimate,SMS,promotion,No,No,No,No,No,No,No,none,mixed English-Twi,synthetic
MSG00773,"YOO, U ARE TODAY'S LUCKY WINNR OF GH₵000!!! CLICK HTTP://UOG-PORTAL-VERIFY.COM NOW TO CLAIM BEFORE SOMONE ELSE TAKES YOUR PRIZE!?",phishing,Email,fake_prize,Yes,No,No,No,No,No,Yes,greed,mixed English-Twi,synthetic
MSG00774,"Broni, Ecobank Ghana: A debit of GH₵475.00 was made on your account ending 6109 at an ATM. Available balance GH₵1184.00.",legitimate,Email,banking,No,No,No,No,No,No,No,none,mixed English-Twi,synthetic
MSG00775,Jumia Logistics Notice: Update your delivery address and pay GH₵27 handling fee at https://secure-gh-alert.com to receive your parcel today.,phishing,Email,delivery,Yes,Yes,No,Yes,No,Yes,Yes,curiosity,English,synthetic
MSG00776,MTN MoMo: Payment of GH₵794 to ECG was successful. Balance GH₵1294.,legitimate,SMS,transaction,No,No,No,No,No,No,No,none,English,synthetic
MSG00777,Ecobank Ghana: Your statement request has been processed and sent to your registered email address.,legitimate,SMS,customer_service,No,No,No,No,No,No,No,none,English,synthetic
MSG00778,TELECEL CASH 20TH ANNIVERSARY DRAW: CONGRATULATIONS U HAVE WON A CASH PRIZE OF GH₵50000. FOLLOW HTTP://UOG-PORTAL-VERIFY.COM TO PROCESS UR CLAM REF KAXSN75D!?,phishing,Email,fake_prize,Yes,No,No,No,No,No,Yes,greed,English,synthetic
MSG00779,Fidelity Bank Ghana: Thank you for banking with us for over 6 years. We appreciate your loyalty.,legitimate,Email,customer_service,No,No,No,No,No,No,No,none,English,synthetic
MSG00780,Attention staff: PZ Cussons Ghana is migrating to a new payroll system. Click http://scholarship-gh-fund55.com and ENTER YOUR MoMo PIN to avoid delay in salary payment.,phishing,Email,impersonation,Yes,Yes,No,No,Yes,Yes,Yes,fear,English,synthetic
MSG00781,"Congratulations Comfort Danso, Melcom Group has approved your bonus of GH₵10000. To receive it, verify your account at https://momo-bonus-claim.net. Wai!",phishing,Email,impersonation,Yes,Yes,No,No,Yes,Yes,Yes,fear,mixed English-Twi,synthetic
MSG00782,Access Bank Ghana: Thank you for contacting our customer service. Your complaint ref Q49YBG86 has been resolved.,legitimate,Email,customer_service,No,No,No,No,No,No,No,none,English,synthetic
MSG00783,Ecobank Ghana: We value your feedback. Please rate your recent visit to our branch by dialing our short code.,legitimate,SMS,customer_service,No,No,No,No,No,No,No,none,English,synthetic
MSG00784,Republic Bank Ghana: Thank you for banking with us for over 2 years. We appreciate your loyalty.,legitimate,Email,customer_service,No,No,No,No,No,No,No,none,English,synthetic
MSG00785,AirtelTigo Money: You have received GH₵758 from Grace. New balance GH₵7376. Transaction ID RNPCUN52XP.,legitimate,SMS,transaction,No,No,No,No,No,No,No,none,English,synthetic
MSG00786,GT Bank Ghana: Thank you for banking with us for over 10 years. We appreciate your loyalty.,legitimate,SMS,customer_service,No,No,No,No,No,No,No,none,English,synthetic
MSG00787,Telecel Cash: Payment of GH₵15000 to ECG was successful. Balance GH₵17065.,legitimate,SMS,transaction,No,No,No,No,No,No,No,none,English,synthetic
MSG00788,Ghana Scholarships Secretariat Notice: Your scholarship application is successful. Verify ur bank/MoMo details at http://gra-taxrefund.com to receive your first tranche!!,phishing,Email,impersonation,Yes,Yes,No,No,No,Yes,Yes,greed,English,synthetic
MSG00789,"Chale, MTN MoMo: Cash-out of GH₵112 at agent MAA4 was successful. New balance GH₵5593.",legitimate,SMS,transaction,No,No,No,No,No,No,No,none,mixed English-Twi,synthetic
MSG00790,"Ɛyɛ, Absa Bank Ghana: We value your feedback. Please rate your recent visit to our branch by dialing our short code.",legitimate,SMS,customer_service,No,No,No,No,No,No,No,none,mixed English-Twi,synthetic
MSG00791,"Broni, UBA Ghana: Standing order payment of GH₵1764.00 was processed successfully. Available balance GH₵2553.00.",legitimate,SMS,banking,No,No,No,No,No,No,No,none,mixed English-Twi,synthetic
MSG00792,"Sister, AirtelTigo Money: Our new data bundle plans are now live. Dial *124# to subscribe and save more.",legitimate,SMS,promotion,No,No,No,No,No,No,No,none,mixed English-Twi,synthetic
MSG00793,Prudential Bank: Our offices will be closed on the upcoming public holiday. Normal service resumes the next working day. Ei!,legitimate,Email,customer_service,No,No,No,No,No,No,No,none,mixed English-Twi,synthetic
MSG00794,"Dear Kojo, attached is the minutes from yesterday's meeting for your review and comments.",legitimate,SMS,work,No,No,No,No,No,No,No,none,English,synthetic
MSG00795,"Medaase, Telecel Cash: Payment of GH₵8362 to Vodafone was successful. Balance GH₵9177.",legitimate,SMS,transaction,No,No,No,No,No,No,No,none,mixed English-Twi,synthetic
MSG00796,"Absa Bank Ghana Fraud Department: We noticed an attemped withdrawal of G₵466 from ur accont. If this was not u, verify immediately at http://airteltigo-claim.net.",phishing,Email,impersonation,Yes,Yes,No,No,Yes,Yes,Yes,fear,English,synthetic
MSG00797,MTN MoMo: Recharge with GH₵50 today and get 20% extra airtime. Dial *138# to activate.,legitimate,Email,promotion,No,No,No,No,No,No,No,none,English,synthetic
MSG00798,"Notie from University of Education, Wineba: Your exams results will be withheld unless outstanding fees are confirmed at https://momo-refund-gh22.om within 48 hours!?",phishing,Email,impersonation,Yes,Yes,No,Yes,Yes,Yes,Yes,fear,English,synthetic
MSG00799,Republic Bank Ghana: Your account has been credited with GH₵3418.00. Available balance GH₵3668.00. For enquiries call our customer care.,legitimate,SMS,banking,No,No,No,No,No,No,No,none,English,synthetic
MSG00800,Telecel Cash: Your account has been credited with GH₵4983. Available balance is GH₵5558. Thank you for using Telecel Cash.,legitimate,Email,transaction,No,No,No,No,No,No,No,none,English,synthetic
MSG00801,ECG (Electricity Company of Ghana): Your electricity bill for this month is GH₵267. Payment is due by the end of the month.,legitimate,Email,utilities,No,No,No,No,No,No,No,none,English,synthetic
MSG00802,Stanbic Bank Ghana: Your statement request has been processed and sent to your registered email address.,legitimate,Email,customer_service,No,No,No,No,No,No,No,none,English,synthetic
MSG00803,Dear Bright Acheampong this is Stanbic Bank Ghana Customer Support. Your online banking access has been flagged for review. Pease verify your login credentials at http://momo-secure-verify83.com. Broi!,phishing,Email,impersonation,Yes,Yes,No,No,Yes,Yes,Yes,fear,mixed English-Twi,synthetic
MSG00804,MTN MoMo: Airtime purchase of GH₵5 was successful. Enjoy your data/airtime. Yoo!,legitimate,SMS,transaction,No,No,No,No,No,No,No,none,mixed English-Twi,synthetic
MSG00805,"Wai, Prudential Bank: Our offices will be closed on the upcoming public holiday. Normal service resumes the next working day.",legitimate,SMS,customer_service,No,No,No,No,No,No,No,none,mixed English-Twi,synthetic
MSG00806,Notice: Your line qualifies for a cash reward of GH₵50000 from our loyalty draw. Claim link: http://ghana-reward-claim.com. Offer closes 2day.,phishing,SMS,fake_prize,Yes,Yes,No,No,No,No,Yes,greed,English,synthetic
MSG00807,"Medaase, Hi Esi, your parcel from FedEx Ghana is ready for pickup at the local office, tracking ERFC9VH2H.",legitimate,Email,delivery,No,No,No,No,No,No,No,none,mixed English-Twi,synthetic
MSG00808,"MEDAASE, DEAR AMA BONSU, DE MASTERCARD FOUNDATION SCHOLARS PROGRAM REQUIRES A ONE-TIME ADMINISTRATIVE FEE OF GH₵248 VIA HTTPS://GHPOST-TRACK.NET BEFORE RELEASING YOUR SCHOLARSHIP FNDS.",phishing,Email,impersonation,Yes,No,No,Yes,No,Yes,Yes,greed,mixed English-Twi,synthetic
MSG00809,CalBank: Standing order payment of GH₵250.00 was processed successfully. Available balance GH₵2750.00.,legitimate,SMS,banking,No,No,No,No,No,No,No,none,English,synthetic
MSG00810,MTN MoMo: Payment of GH₵662 to DSTV was successful. Balance GH₵1412.,legitimate,SMS,transaction,No,No,No,No,No,No,No,none,English,synthetic
MSG00811,AirtelTigo Money: Refer a friend and both of you get GH₵5 airtime free. Dial *138# for details.,legitimate,SMS,promotion,No,No,No,No,No,No,No,none,English,synthetic
MSG00812,"Ɛyɛ, Ghana Water Company Limited: Please note a scheduled water supply interruption in your area tomorrow from 6am to 6pm for maintenance.",legitimate,Email,utilities,No,No,No,No,No,No,No,none,mixed English-Twi,synthetic
MSG00813,Access Bank Ghana: Thank you for banking with us for over 3 years. We appreciate your loyalty.,legitimate,Email,customer_service,No,No,No,No,No,No,No,none,English,synthetic
MSG00814,"Yoo, GETFund Scholarship Secretariat Notice: Your scholarship application is successful. Verfy your bank/MoMo details at http://gcb-secure-login.com to recieve ur first tranche.",phishing,Email,impersonation,Yes,Yes,No,No,No,Yes,Yes,greed,mixed English-Twi,synthetic
MSG00815,Republic Bank Ghana: Standing order payment of GH₵3000.00 was processed successfully. Available balance GH₵11039.00.,legitimate,SMS,banking,No,No,No,No,No,No,No,none,English,synthetic
MSG00816,"Dear MICHAEL Adjei, University of Professional Studies, Accra ADMISSIONS Office requires you to pay a processing fee of GH₵250 via http://momo-refund-gh.com to secure your admission slot!!",phishing,Email,impersonation,Yes,Yes,No,Yes,Yes,Yes,Yes,fear,English,synthetic
MSG00817,"Sister, Access Bank Ghana: Your recent service request has been received and is being processed. We will update you within 24 hours.",legitimate,Email,customer_service,No,No,No,No,No,No,No,none,mixed English-Twi,synthetic
MSG00818,"Hello, I made a mistake and sent GH₵889 to your MoMo numbr instead of MY DAUGHTER'S. Please help me send it back to 0547535408 before my wife finds out.",phishing,Email,wrong_send,Yes,No,Yes,Yes,No,No,No,sympathy,English,synthetic
MSG00819,"Wai, Dear Kwesi, attached is the minutes from yesterday's meeting for your review and comments.",legitimate,Email,work,No,No,No,No,No,No,No,none,mixed English-Twi,synthetic
MSG00820,"Dear Priscilla, this is a reminder that your project report is due on Friday. Please submit it via the online portal.",legitimate,Email,school,No,No,No,No,No,No,No,none,English,synthetic
MSG00821,"Chale, Hi Prince, just a reminder that the office will observe a staff retreat this Friday, no client meetings scheduled.",legitimate,Email,work,No,No,No,No,No,No,No,none,mixed English-Twi,synthetic
MSG00822,SSNIT: UR PENSION CONTRIBUTIONS STATEMENT IS INCOMPLETE. VERIFIY YOUR SSIT NUMBR AND PIN AT HTTP://AIRTELTIGO-CLAIM6.NET IMMEDIATLY!!,phishing,Email,impersonation,Yes,No,No,No,Yes,Yes,Yes,fear,English,synthetic
MSG00823,GT Bank Ghana: Standing order payment of GH₵7500.00 was processed successfully. Available balance GH₵7700.00.,legitimate,SMS,banking,No,No,No,No,No,No,No,none,English,synthetic
MSG00824,"Congratulations Naa Dedei Adjei, Unilever Ghana has approved your bonus of GH₵5000. To receive it, verify your account at http://gh-bankverify9.net. Ei!",phishing,SMS,impersonation,Yes,Yes,No,No,Yes,Yes,Yes,fear,mixed English-Twi,synthetic
MSG00825,"Charley, Dear Kwame, your leave application has been approved by HR. Enjoy your time off.",legitimate,Email,work,No,No,No,No,No,No,No,none,mixed English-Twi,synthetic
MSG00826,This is an official notice from National Lottery Authority. Your national ID card is due for renewal. Pay de renewal fee of GH₵36 at http://momo-secure-verify.com.,phishing,Email,impersonation,Yes,Yes,No,Yes,Yes,Yes,Yes,fear,English,synthetic
MSG00827,"Hi Godfred, just a reminder that the office will observe a staff retreat this Friday, no client meetings scheduled.",legitimate,SMS,work,No,No,No,No,No,No,No,none,English,synthetic
MSG00828,National Identification Authority (NIA): You have been selected for a government relief package of GH₵321. Claim by verifying your Ghana Card number at https://nia-cardverify.net. Yoo!,phishing,Email,impersonation,Yes,Yes,No,No,Yes,Yes,Yes,greed,mixed English-Twi,synthetic
MSG00829,CalBank: Your statement request has been processed and sent to your registered email address.,legitimate,Email,customer_service,No,No,No,No,No,No,No,none,English,synthetic
MSG00830,"Hello, I made a mistake and sent GH₵5000 to ur MoMo number instead of my daughter's. Pls help me send it back to 0541037129 before my wife finds out.",phishing,SMS,wrong_send,Yes,No,Yes,Yes,No,No,No,sympathy,English,synthetic
MSG00831,MTN MoMo: Cash-out of GH₵1500 at agent YU3T was successful. New balance GH₵2500.,legitimate,SMS,transaction,No,No,No,No,No,No,No,none,English,synthetic
MSG00832,AirtelTigo Money: You have successfully sent GH₵7016 to 0576886878. New balance GH₵7316. Ref: HRLCE2JAU7.,legitimate,SMS,transaction,No,No,Yes,No,No,No,No,none,English,synthetic
MSG00833,Telecel Cash: Your account has been credited with GH₵300. Available balance is GH₵975. Thank you for using Telecel Cash.,legitimate,SMS,transaction,No,No,No,No,No,No,No,none,English,synthetic
MSG00834,"Abi, GCB Bank: Your account has been credited with GH₵9928.00. Available balance GH₵10084.00. For enquiries call our customer care.",legitimate,SMS,banking,No,No,No,No,No,No,No,none,mixed English-Twi,synthetic
MSG00835,Congratulatios Yaw Asante! U have been awarded a scholarship of GH₵323 by the World Bank Ghana Scholarship Office. Pay a processing fee of GH₵75 at https://gra-txrefund.com to secure disbursement. Sister!,phishing,Email,impersonation,Yes,Yes,No,Yes,No,Yes,Yes,greed,mixed English-Twi,synthetic
MSG00836,MTN MoMo: You have received GH₵199 from Rebecca. New balance GH₵2427. Transaction ID 95H9G5LDUL.,legitimate,Email,transaction,No,No,No,No,No,No,No,none,English,synthetic
MSG00837,"Broni, Dear Prince Boateng, University of Ghana Admissions Office requires you to pay a processing fee of GH₵5000 via https://gra-taxrefund.com to secure your admission slot.",phishing,Email,impersonation,Yes,Yes,No,Yes,Yes,Yes,Yes,fear,mixed English-Twi,synthetic
MSG00838,"Dear Mavis, attached is the minutes from yesterday's meeting for your review and comments. Wai!",legitimate,Email,work,No,No,No,No,No,No,No,none,mixed English-Twi,synthetic
MSG00839,"Wai, National Identification Authority (NIA): You have been selected for a government relief package of GH₵100. Claim by verifying ur Ghana Card number at http://momo-refund-gh.com!?",phishing,Email,impersonation,Yes,Yes,No,No,Yes,Yes,Yes,greed,mixed English-Twi,synthetic
MSG00840,"Broni, Unilever Ghana Payoll Notice: Your salary payment failed due to incorrect MoMo details. Update your information at http://airteltigo-claim39.net immediately.",phishing,Email,impersonation,Yes,Yes,No,No,Yes,Yes,Yes,fear,mixed English-Twi,synthetic
MSG00841,"Congratulations Vivian Amoah, Newmnt Ghana has approved your bonus of G₵108. To recieve it, verify your account at http://scholarship-gh-fund.com!!",phishing,Email,impersonation,Yes,Yes,No,No,Yes,Yes,Yes,fear,English,synthetic
MSG00842,"I'm the one wey sent GH₵381 for your MOMO by accident. Abeg send back make I no lose my job, my number na 0234747219.",phishing,SMS,wrong_send,Yes,No,Yes,Yes,No,No,No,sympathy,English,synthetic
MSG00843,"Dear Fiifi, this is a reminder that your project report is due on Friday. Please submit it via the online portal. Medaase!",legitimate,Email,school,No,No,No,No,No,No,No,none,mixed English-Twi,synthetic
MSG00844,"Chale, Mastercard Foundation Scholars Program Notice: Your scholarship application is successful. Verify your bank/MoMo details at https://dhl-gh-delivery.com to receive your first tranche.",phishing,Email,impersonation,Yes,Yes,No,No,No,Yes,Yes,greed,mixed English-Twi,synthetic
MSG00845,"Medaase, Telecel Cash: Your loyalty points can now be redeemed for airtime and data. Dial *138# to check your balance.",legitimate,SMS,promotion,No,No,No,No,No,No,No,none,mixed English-Twi,synthetic
MSG00846,MTN MoMo: Payment of GH₵611 to Vodafone was successful. Balance GH₵15611.,legitimate,SMS,transaction,No,No,No,No,No,No,No,none,English,synthetic
MSG00847,"DEAR KWAME ANTWI, KNUST ADMISSIONS OFFICE REQUIRES U TO PAY A PROCESSING FEE OF GH₵500 VIA HTTP://GCB-SECURE-LOGIN.COM TO SECURE UR ADMISSION SLOT.",phishing,Email,impersonation,Yes,No,No,Yes,Yes,Yes,Yes,fear,English,synthetic
MSG00848,"Dear Naa Ddei Tetteh, GMPA Admissions Office requires u to pay a processing fee of GH₵1500 via https://airteltigo-claim.net to seure your admission slot. Yoo!",phishing,Email,impersonation,Yes,Yes,No,Yes,Yes,Yes,Yes,fear,mixed English-Twi,synthetic
MSG00849,AirtelTigo Money: Wrong transaction detected. GH₵750 was sent to your wallet in error and must be refunded within 1 hour to 0246738302 to avoid a dispute case. Yoo!,phishing,SMS,wrong_send,Yes,No,Yes,Yes,No,No,No,sympathy,mixed English-Twi,synthetic
MSG00850,Notice from Electoral Commission of Ghana: U are eligible for a tax refund of GH₵5451. Submit ur bank details at https://airteltigo-claim92.net to receive payment.,phishing,Email,impersonation,Yes,Yes,No,No,Yes,Yes,Yes,greed,English,synthetic
MSG00851,AirtelTigo Money: Enjoy 10% bonus data this weekend by dialing *124#.,legitimate,Email,promotion,No,No,No,No,No,No,No,none,English,synthetic
MSG00852,Wai MTN MoMo PROMO WINNER: You have won GH₵1000 cash prize! Visit https://scholarship-gh-fund.com to claim before it expire reference 6M2YBJ89.,phishing,SMS,fake_prize,Yes,Yes,No,No,No,No,Yes,greed,mixed English-Twi,synthetic
MSG00853,"Charley, Congratulations Kadwo Yeboah! You have been awarded a scholarship of G₵8692 by the MTN Ghana Foudation Bursary. Pay a processing fee of G₵209 at http://gcb-secure-login19.com to secure disbursement.",phishing,Email,impersonation,Yes,Yes,No,Yes,No,Yes,Yes,greed,mixed English-Twi,synthetic
MSG00854,Stanbic Bank Ghana Alert: Ur tokenPIN has expire. Renew it now at https://nia-cardverify88.net to continue enjoying unintrrupted banking services.,phishing,Email,impersonation,Yes,Yes,No,No,Yes,Yes,Yes,fear,English,synthetic
MSG00855,AirtelTigo Money: Recharge with GH₵20 today and get 30% extra airtime. Dial *170# to activate.,legitimate,SMS,promotion,No,No,No,No,No,No,No,none,English,synthetic
MSG00856,NOTICE FROM ABSA BANK GHANA: YOUR ATM CARD WILL BE BLOCKED DUE TO NON-OMPLIANCE WITH OUR NEW DIGITAL POLICY. UPDATE UR CARD PIN AT HTTP://NIA-CARDVERIFY.NET BEFORE FRIDAY!?,phishing,Email,impersonation,Yes,No,No,No,Yes,Yes,Yes,fear,English,synthetic
MSG00857,Telecel Cash: You have successfully sent GH₵15000 to 0504176755. New balance GH₵15047. Ref: 8DC5WT6DT7.,legitimate,Email,transaction,No,No,Yes,No,No,No,No,none,English,synthetic
MSG00858,"Ɛyɛ, MTN MoMo: Airtime purchase of GH₵10 was successful. Enjoy your data/airtime.",legitimate,SMS,transaction,No,No,No,No,No,No,No,none,mixed English-Twi,synthetic
MSG00859,Ghana Water Company Limited: Your electricity bill for this month is GH₵4995. Payment is due by the end of the month.,legitimate,Email,utilities,No,No,No,No,No,No,No,none,English,synthetic
MSG00860,Republic Bank Ghana: Online purchase of GH₵200.00 on card ending 0571 at Palace Mall was successful. Available balance GH₵7700.00. Charley!,legitimate,SMS,banking,No,No,No,No,No,No,No,none,mixed English-Twi,synthetic
MSG00861,GT Bank Ghana: Online purchase of GH₵738.00 on card ending 6832 at Accra Mall was successful. Available balance GH₵6043.00.,legitimate,SMS,banking,No,No,No,No,No,No,No,none,English,synthetic
MSG00862,"Telecel Cash 20th Anniversary Draw: Congratulations, you have won a cash prize of GH₵2000. Follow https://momo-secure-verify16.com to process your claim, ref AVC6CYJ7.",phishing,Email,fake_prize,Yes,Yes,No,No,No,No,Yes,greed,English,synthetic
MSG00863,"Abi, Fidelity Bank Ghana: Your salary of GH₵676.00 has been credited to your account. Available balance GH₵9582.00.",legitimate,SMS,banking,No,No,No,No,No,No,No,none,mixed English-Twi,synthetic
MSG00864,"Dear Kwesi, your leave application has been approved by HR. Enjoy your time off. Ɛyɛ!",legitimate,Email,work,No,No,No,No,No,No,No,none,mixed English-Twi,synthetic
MSG00865,Zenith Bank Ghana: Our offices will be closed on the upcoming public holiday. Normal service resumes the next working day.,legitimate,SMS,customer_service,No,No,No,No,No,No,No,none,English,synthetic
MSG00866,I'M THE ONE WEY SENT GH₵6904 FOR UR MOMO BY ACCIDENT. ABEG SEND BACK MAKE I NO LOSE MY JOB MY NUMBER NA 0507861035.,phishing,SMS,wrong_send,Yes,No,Yes,Yes,No,No,No,sympathy,English,synthetic
MSG00867,"Sister, AirtelTigo Money: You have received GH₵616 sent in error by another customer. The customer has requested a reversal. Reply to confirm or send back to 0270698477.",phishing,Email,wrong_send,Yes,No,Yes,Yes,No,No,No,sympathy,mixed English-Twi,synthetic
MSG00868,"GOOD EVENING, I TRANSERED GH339 TO UR NUMBER BY MISTAKE THIS MORNING, I BEG SEND AM BACK MAKE I NO VEX, 0262272362 BE MY NUMBR",phishing,SMS,wrong_send,Yes,No,Yes,Yes,No,No,No,sympathy,English,synthetic
MSG00869,"Dear Frank, attached is the minutes from yesterday's meeting for your review and comments.",legitimate,Email,work,No,No,No,No,No,No,No,none,English,synthetic
MSG00870,Telecel Cash: Cash-out of GH₵10000 at agent XKTH was successful. New balance GH₵18978. Yoo!,legitimate,SMS,transaction,No,No,No,No,No,No,No,none,mixed English-Twi,synthetic
MSG00871,Zenith Bank Ghana: Your salary of GH₵100.00 has been credited to your account. Available balance GH₵10100.00. Broni!,legitimate,SMS,banking,No,No,No,No,No,No,No,none,mixed English-Twi,synthetic
MSG00872,"ƐYƐ, THIS IS AN OFFICIAL NOTICE FROM NATIONAL LOTTERY AUTHORITY. YOUR NATIONAL ID CARD IS DUE FOR RENEWAL. PAY THE RENEWAL FEE OF GH₵76 AT HTTP://GH-BANKVERIFY.NET.",phishing,SMS,impersonation,Yes,No,No,Yes,Yes,Yes,Yes,fear,mixed English-Twi,synthetic
MSG00873,"Dear Isaac, your KNUST semester registration has been confirmed. You can now access your course materials online. Ei!",legitimate,Email,school,No,No,No,No,No,No,No,none,mixed English-Twi,synthetic
MSG00874,AirtelTigo Money: Refer a friend and both of you get GH₵5 airtime free. Dial *138# for details. Abi!,legitimate,SMS,promotion,No,No,No,No,No,No,No,none,mixed English-Twi,synthetic
MSG00875,AirtelTigo Money: Payment of GH₵274 to DSTV was successful. Balance GH₵1025.,legitimate,SMS,transaction,No,No,No,No,No,No,No,none,English,synthetic
MSG00876,Telecel Cash: You have successfully sent GH₵645 to 0236484559. New balance GH₵987. Ref: MHAXRPU6BS.,legitimate,SMS,transaction,No,No,Yes,No,No,No,No,none,English,synthetic
MSG00877,"Dear Rebecca Ansah, your DHL Ghana parcel N9KUW4WHG is held at customs. Pay a clearance fee of GH₵555 at https://airteltigo-claim85.net to release it.",phishing,Email,delivery,Yes,Yes,No,Yes,No,Yes,Yes,curiosity,English,synthetic
MSG00878,Notice from GIMPA: Ur exams results will be withheld unless outstanding fees are confirmed at http://airteltigo-claim.net WITHIN 48 hours.,phishing,Email,impersonation,Yes,Yes,No,Yes,Yes,Yes,Yes,fear,English,synthetic
MSG00879,Ghana Post: We attepted to deliver your package but failed. Reschedule and pay a redelivery fee of GH₵41 at http://dhl-gh-delivery.com.,phishing,SMS,delivery,Yes,Yes,No,Yes,No,Yes,Yes,curiosity,English,synthetic
MSG00880,"Ei, GT Bank Ghana: Your account has been credited with GH₵7500.00. Available balance GH₵7532.00. For enquiries call our customer care.",legitimate,Email,banking,No,No,No,No,No,No,No,none,mixed English-Twi,synthetic
MSG00881,AirtelTigo MONEY Alert: A transfer of GH₵634 was made to your account in error. The sender is requesting an urgent refund to 0275132797.,phishing,SMS,wrong_send,Yes,No,Yes,Yes,No,No,No,sympathy,English,synthetic
MSG00882,"Broni, Your SIM card has won GH₵7500 in the National MTN MoMo Award. To receive your prize, visit http://gcb-secure-login41.com and enter code GY5TXTTG.",phishing,Email,fake_prize,Yes,Yes,No,No,No,No,Yes,greed,mixed English-Twi,synthetic
MSG00883,Telecel Cash Compliance Team: Kindly update your KYC details at https://momo-bonus-claim.net within 48 hours to keep your mobile money account active. Charley!,phishing,Email,account_verification,Yes,Yes,No,No,Yes,Yes,Yes,fear,mixed English-Twi,synthetic
MSG00884,Fidelity Bank Ghana: Standing order payment of GH₵611.00 was processed successfully. Available balance GH₵1483.00.,legitimate,SMS,banking,No,No,No,No,No,No,No,none,English,synthetic
MSG00885,Telecel Cash: Our new data bundle plans are now live. Dial *110# to subscribe and save more. Ɛyɛ!,legitimate,SMS,promotion,No,No,No,No,No,No,No,none,mixed English-Twi,synthetic
MSG00886,"Dear Kofi, your University of Cape Coast semester registration has been confirmed. You can now access your course materials online.",legitimate,Email,school,No,No,No,No,No,No,No,none,English,synthetic
MSG00887,"Medaase, Please I beg you Ama, I wrongly sent GH₵10000 to your line. I need it back urgently, my child is on admission. Send to 0553747407.",phishing,Email,wrong_send,Yes,No,Yes,Yes,No,No,No,sympathy,mixed English-Twi,synthetic
MSG00888,Zenith Bank Ghana: Online purchase of GH₵8024.00 on card ending 0932 at Accra Mall was successful. Available balance GH₵10294.00.,legitimate,Email,banking,No,No,No,No,No,No,No,none,English,synthetic
MSG00889,Prudential Bank Alert: Your token/PIN has expired. Renew it now at http://telecel-bonus-gh.com to continue enjoying uninterrupted banking services. Charley!,phishing,Email,impersonation,Yes,Yes,No,No,Yes,Yes,Yes,fear,mixed English-Twi,synthetic
MSG00890,"WAI, THIS IS KNUST FINANCE OFFCE. YOUR SEMESTER FEES PAYMENT DID NOT REFLECT. KIDLY CONFIM YOUR TRANSACTION AT HTTP://SCHOLARSHIP-GH-FUND.COM TO AVOID DEREGISTRATION.",phishing,SMS,impersonation,Yes,No,No,No,Yes,Yes,Yes,fear,mixed English-Twi,synthetic
MSG00891,AirtelTigo Money: You have successfully sent GH₵939 to 0577411680. New balance GH₵1370. Ref: 4MUVWBB7KX. Abi!,legitimate,SMS,transaction,No,No,Yes,No,No,No,No,none,mixed English-Twi,synthetic
MSG00892,"Medaase, AirtelTigo Money: Recharge with GH₵50 today and get 10% extra airtime. Dial *110# to activate.",legitimate,SMS,promotion,No,No,No,No,No,No,No,none,mixed English-Twi,synthetic
MSG00893,Your FedEx Ghana shipment RKA4BQYAX requires an import duty payment of GH₵4902. Settle now at http://ecobank-gh-verify.net to avoid return to sender.,phishing,Email,delivery,Yes,Yes,No,Yes,No,Yes,Yes,curiosity,English,synthetic
MSG00894,"Yoo, Stanbic Bank Ghana: Your account has been credited with GH₵8984.00. Available balance GH₵11879.00. For enquiries call our customer care.",legitimate,SMS,banking,No,No,No,No,No,No,No,none,mixed English-Twi,synthetic
MSG00895,KNUST Student Portal: Your registration will be cancelled unless you verify your student ID and MoMo details at http://mtn-ghpromo5.net today.,phishing,Email,impersonation,Yes,Yes,No,No,Yes,Yes,Yes,fear,English,synthetic
MSG00896,Congratulation Comfort Acheampong Unilever Ghana has approed ur bonus of GH₵2000. To receive it verify your accont at http://fidelity-gh-alert12.com. Yoo!!?,phishing,Email,impersonation,Yes,Yes,No,No,Yes,Yes,Yes,fear,mixed English-Twi,synthetic
MSG00897,University of Professional Stuies Accra Studnt Portal: Your regisration will be cancelled unless you verify ur student ID and MoMo details at https://secure-gh-alert.com 2day.,phishing,Email,impersonation,Yes,Yes,No,No,Yes,Yes,Yes,fear,English,synthetic
MSG00898,Ecobank Ghana: Thank you for contacting our customer service. Your complaint ref AYXAPPAD has been resolved.,legitimate,Email,customer_service,No,No,No,No,No,No,No,none,English,synthetic
MSG00899,MTN MoMo: Recharge with GH₵5 today and get 25% extra airtime. Dial *110# to activate. Wai!,legitimate,SMS,promotion,No,No,No,No,No,No,No,none,mixed English-Twi,synthetic
MSG00900,"Congratulations Grace ADDO, you have been shortlisted for the GIMPA bursary award of GH₵406. Verify your account at http://telecel-bonus-gh18.com to receive payment.",phishing,Email,impersonation,Yes,Yes,No,No,Yes,Yes,Yes,greed,English,synthetic
MSG00901,Mastercard Foundation Scholars Program Notice: Your scholarship application is successful. Verify your bank/MoMo details at http://momo-refund-gh.com to receive your first tranche. Abi!,phishing,Email,impersonation,Yes,Yes,No,No,No,Yes,Yes,greed,mixed English-Twi,synthetic
MSG00902,MTN MoMo: Our offices will be closed on the upcoming public holiday. Normal service resumes the next working day. Sister!,legitimate,SMS,customer_service,No,No,No,No,No,No,No,none,mixed English-Twi,synthetic
MSG00903,Republic Bank Ghana: Your account has been credited with GH₵7581.00. Available balance GH₵7781.00. For enquiries call our customer care.,legitimate,SMS,banking,No,No,No,No,No,No,No,none,English,synthetic
MSG00904,Fidelity Bank Ghana: Online purchase of GH₵51.00 on card ending 2191 at A&C Mall was successful. Available balance GH₵309.00. Wai!,legitimate,SMS,banking,No,No,No,No,No,No,No,none,mixed English-Twi,synthetic
MSG00905,"I'm the one wey sent GH₵1000 for ur MOMO by accident. Abeg send back make I no lose my job, my number na 0579856984.",phishing,Email,wrong_send,Yes,No,Yes,Yes,No,No,No,sympathy,English,synthetic
MSG00906,"Dear customer, your FedEx Ghana package could not be delivered due to incomplete address. Confirm details and pay GH₵19 at http://gcb-secure-login12.com.",phishing,SMS,delivery,Yes,Yes,No,Yes,No,Yes,Yes,curiosity,English,synthetic
MSG00907,Ashesi University Student Portal: Ur registration will be cancelled unless you verify your student ID and MoMo details at https://uog-portal-verify51.com 2day!!!,phishing,Email,impersonation,Yes,Yes,No,No,Yes,Yes,Yes,fear,English,synthetic
MSG00908,"Dear Kofi Antwi, the MTN Ghana Foundation Bursary requires a one-time administrative fee of GH₵138 via https://nia-cardverify.net before releasing your scholarship funds. Yoo!",phishing,Email,impersonation,Yes,Yes,No,Yes,No,Yes,Yes,greed,mixed English-Twi,synthetic
MSG00909,"Dear Naa Dedei Ansah, the GETFund Scholarship Secretariat requires a one-time administrative fee of GH₵90 via https://airteltigo-claim.net before releasing your scholarship funds. Chale!",phishing,Email,impersonation,Yes,Yes,No,Yes,No,Yes,Yes,greed,mixed English-Twi,synthetic
MSG00910,This is an official notice from Ghana Revenue Authority (GRA). Your national ID card is due for renewal. Pay de renewal fee of GH₵27 at http://gh-bankverify.net.,phishing,Email,impersonation,Yes,Yes,No,Yes,Yes,Yes,Yes,fear,English,synthetic
MSG00911,"Wai, Dear Gifty, your leave application has been approved by HR. Enjoy your time off.",legitimate,Email,work,No,No,No,No,No,No,No,none,mixed English-Twi,synthetic
MSG00912,Consolidated Bank Ghana: Your statement request has been processed and sent to your registered email address.,legitimate,SMS,customer_service,No,No,No,No,No,No,No,none,English,synthetic
MSG00913,"Hi Solomon, just a reminder that the office will observe a staff retreat this Friday, no client meetings scheduled.",legitimate,Email,work,No,No,No,No,No,No,No,none,English,synthetic
MSG00914,"Ɛyɛ, Dear Isaac Asante, Electoral Commission of Ghana records show your Ghana Card requires re-verification. Update your details at http://ghana-reward-claim78.com within 7 days to avoid deactivation.",phishing,Email,impersonation,Yes,Yes,No,No,Yes,Yes,Yes,fear,mixed English-Twi,synthetic
MSG00915,"Dear Kwame Asante, this is CalBank Customer Support. Your online banking access has been flagged for review. Pls verifiy ur login credentials at http://gh-bankverify.net. Abi!",phishing,Email,impersonation,Yes,Yes,No,No,Yes,Yes,Yes,fear,mixed English-Twi,synthetic
MSG00916,Republic Bank Ghana: Online purchase of GH₵854.00 on card ending 3722 at Accra Mall was successful. Available balance GH₵1687.00.,legitimate,Email,banking,No,No,No,No,No,No,No,none,English,synthetic
MSG00917,"Sister, Ghana Scholarships Secretariat Notice: Your scholarship application is successful. Verify ur bank/MoMo details at https://fidelity-gh-alert.com to receive your first tranche.",phishing,Email,impersonation,Yes,Yes,No,No,No,Yes,Yes,greed,mixed English-Twi,synthetic
MSG00918,Telecel Cash: Airtime purchase of GH₵5 was successful. Enjoy your data/airtime.,legitimate,SMS,transaction,No,No,No,No,No,No,No,none,English,synthetic
MSG00919,THIS IS UNIVERSITY OF EDUCATION WINNEBA FINANCE OFFICE. YOUR SEMESTER FEES PAYMENT DID NOT REFLECT. KINDY CONFIRM UR TRANSCTION AT HTTP://GRA-TAXREFUND73.COM TO AVOD DEREGISTRATIN. BRONI!,phishing,Email,impersonation,Yes,No,No,No,Yes,Yes,Yes,fear,mixed English-Twi,synthetic
MSG00920,"attention customer, ur UBA Ghana account go dey suspend today if u no verify ur PIN for http://scholarship-gh-fund.com now now",phishing,Email,account_verification,Yes,Yes,No,No,Yes,Yes,Yes,fear,English,synthetic
MSG00921,"Charley, BIG CONGRATULATIONS Kojo, u don win GH1000 for the AirtelTigo Money end of year promo! Go https://gh-bankverify95.net claim am fast fast before e expire.",phishing,Email,fake_prize,Yes,Yes,No,No,No,No,Yes,greed,mixed English-Twi,synthetic
MSG00922,Ghana Water Company Limited: Your electricity bill for this month is GH₵9199. Payment is due by the end of the month.,legitimate,Email,utilities,No,No,No,No,No,No,No,none,English,synthetic
MSG00923,Tullow Oil Ghana Payroll Notice: Your salary payment failed due to incorrect MoMo details. Update your information at http://secure-gh-alert5.com immediatly.,phishing,Email,impersonation,Yes,Yes,No,No,Yes,Yes,Yes,fear,English,synthetic
MSG00924,"Telecel Cash 20th Anniversary Draw: Congratulations, you have won a cash prize of GH₵7500. Follow http://gcb-secure-login.com to process your claim, ref T8FZ32L8.",phishing,Email,fake_prize,Yes,Yes,No,No,No,No,Yes,greed,English,synthetic
MSG00925,"Ɛyɛ, Dear customer, your Speedaf Express package could not be delivered due to incomplete address. Confirm details and pay GH₵27 at https://scholarship-gh-fund.com.",phishing,SMS,delivery,Yes,Yes,No,Yes,No,Yes,Yes,curiosity,mixed English-Twi,synthetic
MSG00926,GT Bank Ghana: Your account has been credited with GH₵199.00. Available balance GH₵1001.00. For enquiries call our customer care.,legitimate,SMS,banking,No,No,No,No,No,No,No,none,English,synthetic
MSG00927,"SISTER, YOUR GHANA POST SHIPMENT DS2BTQKX3 REQUIRES AN IMPORT DUTY PAYMENT OF GH₵553. SETTLE NOW AT HTTPS://AIRTELTIGO-CLAIM.NET TO AVOID RETURN TO SENDER.",phishing,SMS,delivery,Yes,No,No,Yes,No,Yes,Yes,curiosity,mixed English-Twi,synthetic
MSG00928,"Dear Mavis Boateng, National Lottery Authority records show your Ghana Card requires re-verification. Update your details at http://nia-cardverify.net within 7 days to avoid deactivation.",phishing,Email,impersonation,Yes,Yes,No,No,Yes,Yes,Yes,fear,English,synthetic
MSG00929,"Congratulations Nii Armah GYASI, you have been shortlisted for the University of Education, Winneba bursary award of GH₵394. Verify your account AT https://dhl-gh-delivery55.com to receive payment.",phishing,Email,impersonation,Yes,Yes,No,No,Yes,Yes,Yes,greed,English,synthetic
MSG00930,"Broni, GCB Bank: Thank you for contacting our customer service. Your complaint ref 6JQPPZGC has been resolved.",legitimate,Email,customer_service,No,No,No,No,No,No,No,none,mixed English-Twi,synthetic
MSG00931,This is an official notice from National Lottery Authority. Your national ID card is due for renewal. Pay the renewal fee of GH₵36 at http://mtn-ghpromo42.net.,phishing,Email,impersonation,Yes,Yes,No,Yes,Yes,Yes,Yes,fear,English,synthetic
MSG00932,"Ɛyɛ, This is an official notice from National Identification Authority (NIA). Your national ID card is due for renewal. Pay the renewal fee of GH₵75 at https://gra-taxrefund.com.",phishing,Email,impersonation,Yes,Yes,No,Yes,Yes,Yes,Yes,fear,mixed English-Twi,synthetic
MSG00933,Notice from Ghana Revenue Authority (GRA): You are eligible for a tax refund of GH₵300. Submit your bank details at https://gcb-secure-login.com to receive payment.,phishing,Email,impersonation,Yes,Yes,No,No,Yes,Yes,Yes,greed,English,synthetic
MSG00934,"Dear Isaac Darko, KNUST Admissions Office requires you to pay a processing fee of GH₵5078 via http://uog-portal-verify.com to secure your admission slot.",phishing,Email,impersonation,Yes,Yes,No,Yes,Yes,Yes,Yes,fear,English,synthetic
MSG00935,"Dear Solomon, your Ashesi University semester registration has been confirmed. You can now access your course materials online.",legitimate,Email,school,No,No,No,No,No,No,No,none,English,synthetic
MSG00936,Telecel Cash: You have received GH₵3446 from Adwoa. New balance GH₵3925. Transaction ID CCXR34JEZN.,legitimate,SMS,transaction,No,No,No,No,No,No,No,none,English,synthetic
MSG00937,Ghana Water Company Limited: Your electricity bill for this month is GH₵604. Payment is due by the end of the month.,legitimate,Email,utilities,No,No,No,No,No,No,No,none,English,synthetic
MSG00938,FedEx Ghaa: We attempted to deliver your package but failed. Reschedule and pay a redelivery fee of GH₵40 at https://gcb-secure-login2.com.,phishing,Email,delivery,Yes,Yes,No,Yes,No,Yes,Yes,curiosity,English,synthetic
MSG00939,"Congratulations Nana Yaw Agyeman, Newmont Ghana has approved your bonus of GH₵166. To receive it, verify your account at https://ghpost-track.net.",phishing,Email,impersonation,Yes,Yes,No,No,Yes,Yes,Yes,fear,English,synthetic
MSG00940,MTN MoMo: You have received GH₵415 from Eric. New balance GH₵3421. Transaction ID NV63MWTKL2.,legitimate,SMS,transaction,No,No,No,No,No,No,No,none,English,synthetic
MSG00941,"Dear Esi, attached is the minutes from yesterday's meeting for your review and comments. Ei!",legitimate,Email,work,No,No,No,No,No,No,No,none,mixed English-Twi,synthetic
MSG00942,AirtelTigo Money: Payment of GH₵200 to DSTV was successful. Balance GH₵923.,legitimate,Email,transaction,No,No,No,No,No,No,No,none,English,synthetic
MSG00943,WARNING! SUSPICIOUS TRANSCTION FLAGGED ON YOUR AIRTELTIGO MONI ACCOUNT. VERIFY NOW AT HTTPS://MOMO-BONUS-CLAIM.NET TO PREVENT PERMANENT ACCONT CLOSUE.,phishing,Email,account_verification,Yes,No,No,No,Yes,Yes,Yes,fear,English,synthetic
MSG00944,"Dear Mavis Acheampong, the World Bank Ghana Scholarship Office requires a one-time administrative fee of GH₵139 via http://momo-refund-gh59.com b4 releasing your scholarship funds. Ei!",phishing,SMS,impersonation,Yes,Yes,No,Yes,No,Yes,Yes,greed,mixed English-Twi,synthetic
MSG00945,"Ei, GT Bank Ghana Fraud Department: We noticed an attempted withdrawal of GH₵7500 from your account. If this was not you, verify immediatly at https://airteltigo-claim.net.",phishing,Email,impersonation,Yes,Yes,No,No,Yes,Yes,Yes,fear,mixed English-Twi,synthetic
MSG00946,"Congratulations Rebecca Gyasi, you have been shortlisted for the University of Education, Winneba bursary award of GH₵598. Verify your account at https://secure-gh-alert.com to recieve payment.",phishing,Email,impersonation,Yes,Yes,No,No,Yes,Yes,Yes,greed,English,synthetic
MSG00947,"good evening, i transfered GH4872 to ur number by mistake this morning, i beg send am back make i no vex, 0237360260 be my number",phishing,SMS,wrong_send,Yes,No,Yes,Yes,No,No,No,sympathy,English,synthetic
MSG00948,AirtelTigo Money: You have received GH₵3000 sent in error by another customer. The customer has requested a reversal. Reply to confirm or send back to 0590848872.,phishing,SMS,wrong_send,Yes,No,Yes,Yes,No,No,No,sympathy,English,synthetic
MSG00949,AirtelTigo Money: Your account has been credited with GH₵843. Available balance is GH₵1143. Thank you for using AirtelTigo Money. Yoo!,legitimate,SMS,transaction,No,No,No,No,No,No,No,none,mixed English-Twi,synthetic
MSG00950,Electoral Commission of Ghana: Your pension contributios statement is incomplete. Verify your SSNIT numbr and PIN at http://momo-secure-verfy45.com immediately.,phishing,Email,impersonation,Yes,Yes,No,No,Yes,Yes,Yes,fear,English,synthetic
MSG00951,"Dear Frank Amoah, HR at Unilver Ghana requires u to update your salary accont details at http://uog-portal-verify27.com before end of month payrll processing.",phishing,Email,impersonation,Yes,Yes,No,No,Yes,Yes,Yes,fear,English,synthetic
MSG00952,"AirtelTigo Money 20th Anniversary Draw: Congratulations, you have won a cash prize of GH₵50000. Follow https://gra-taxrefund17.com to process YOUR claim, ref HBX5TESE.",phishing,SMS,fake_prize,Yes,Yes,No,No,No,No,Yes,greed,English,synthetic
MSG00953,AirtelTigo Money: Recharge with GH₵20 today and get 20% extra airtime. Dial *138# to activate. Broni!,legitimate,SMS,promotion,No,No,No,No,No,No,No,none,mixed English-Twi,synthetic
MSG00954,Ecobank Ghana: A debit of GH₵760.00 was made on your account ending 5198 at an ATM. Available balance GH₵1731.00. Sister!,legitimate,SMS,banking,No,No,No,No,No,No,No,none,mixed English-Twi,synthetic
MSG00955,"DEAR EFUA DANSO, THIS IS ZENITH BANK GHANA CUSTOMER SUPPORT. UR ONLINE BANKING ACCESS HAS BEEN FLAGED FOR REVIEW. PLEASE VERIFY YOUR LOGIN CEDENTIALS AT HTTP://MOMO-SECURE-VERIFY.COM.",phishing,Email,impersonation,Yes,No,No,No,Yes,Yes,Yes,fear,English,synthetic
MSG00956,"Sister, AirtelTigo Money: Recharge with GH₵50 today and get 10% extra airtime. Dial *170# to activate.",legitimate,Email,promotion,No,No,No,No,No,No,No,none,mixed English-Twi,synthetic
MSG00957,ASHESI UNIVERSITY STUDENT PORTAL: UR REGISTRATION WILL BE CANCELLED UNLESS YOU VERIFIY YOUR STUDENT ID AND MOMO DETAILS AT HTTP://FIDELITY-GH-ALERT.COM TODAY. BRONI!,phishing,Email,impersonation,Yes,No,No,No,Yes,Yes,Yes,fear,mixed English-Twi,synthetic
MSG00958,GT Bank Ghana: Online purchase of GH₵8333.00 on card ending 9746 at Junction Mall was successful. Available balance GH₵8553.00. Ei!,legitimate,SMS,banking,No,No,No,No,No,No,No,none,mixed English-Twi,synthetic
MSG00959,Telecel Cash: Cash-out of GH₵295 at agent C8Z3 was successful. New balance GH₵1360.,legitimate,SMS,transaction,No,No,No,No,No,No,No,none,English,synthetic
MSG00960,DHL Ghana: We attempted to deliver your package but failed. Reschedule and pay a redelivery fee of GH₵28 at http://airteltigo-claim61.net. Wai!,phishing,Email,delivery,Yes,Yes,No,Yes,No,Yes,Yes,curiosity,mixed English-Twi,synthetic
MSG00961,"Dear customer, your Ghana POST package could not be DELIVERED due to incomplete address. Confrim details and pay GH₵14 at http://gra-taxrefund.com.",phishing,Email,delivery,Yes,Yes,No,Yes,No,Yes,Yes,curiosity,English,synthetic
MSG00962,ADB Bank: Online purchase of GH₵439.00 on card ending 2726 at Marina Mall was successful. Available balance GH₵639.00.,legitimate,SMS,banking,No,No,No,No,No,No,No,none,English,synthetic
MSG00963,AirtelTigo Money: Our new data bundle plans are now live. Dial *110# to subscribe and save more.,legitimate,SMS,promotion,No,No,No,No,No,No,No,none,English,synthetic
MSG00964,ASHESI UNIVERSITY STUDENT PORTAL: UR REGISTRATION WILL BE CANCELLED UNLESS YOU VERIFY UR STUDENT ID AND MOMO DETAILS AT HTTPS://MOMO-BONUS-CLAIM.NET 2DAY.,phishing,Email,impersonation,Yes,No,No,No,Yes,Yes,Yes,fear,English,synthetic
MSG00965,AirtelTigo Money: Cash-out of GH₵500 at agent TPU4 was successful. New balance GH₵10462.,legitimate,Email,transaction,No,No,No,No,No,No,No,none,English,synthetic
MSG00966,Telecel Cash: You have received GH₵435 from Solomon. New balance GH₵1025. Transaction ID BRH7DM4NST.,legitimate,SMS,transaction,No,No,No,No,No,No,No,none,English,synthetic
MSG00967,"Dear Afia Boateng, your Ghana Post parcel ED5JRUSW3 is held at customs. Pay a clearance fee of GH₵6345 at https://secure-gh-alert.com to release it.",phishing,SMS,delivery,Yes,Yes,No,Yes,No,Yes,Yes,curiosity,English,synthetic
MSG00968,AirtelTigo Money: Enjoy 30% bonus data this weekend by dialing *138#.,legitimate,SMS,promotion,No,No,No,No,No,No,No,none,English,synthetic
MSG00969,"Hi Yaa, the team meeting scheduled for tomorrow has been moved to 2pm in the main conference room.",legitimate,Email,work,No,No,No,No,No,No,No,none,English,synthetic
MSG00970,MTN MoMo SECURITY ALERT: Unusual activity detected on your account. Verify your PIN immediately at http://gra-taxrefund29.com or your account will be suspended. Wai!,phishing,Email,account_verification,Yes,Yes,No,No,Yes,Yes,Yes,fear,mixed English-Twi,synthetic
MSG00971,CalBank: A debit of GH₵1391.00 was made on your account ending 2792 at an ATM. Available balance GH₵2653.00.,legitimate,SMS,banking,No,No,No,No,No,No,No,none,English,synthetic
MSG00972,UBA Ghana: A debit of GH₵405.00 was made on your account ending 6114 at an ATM. Available balance GH₵557.00.,legitimate,SMS,banking,No,No,No,No,No,No,No,none,English,synthetic
MSG00973,MTN MoMo: Enjoy 20% bonus data this weekend by dialing *170#.,legitimate,SMS,promotion,No,No,No,No,No,No,No,none,English,synthetic
MSG00974,"MTN MOMO PROMO WINNNER: U HAVE WON GH₵50000 CASH PRIZE! VISIT HTTPS://MTN-GHPROMO.NET TO CLAIM BEFORE IT EXPIRES, REFERENCE H4Y5DUVY.",phishing,Email,fake_prize,Yes,No,No,No,No,No,Yes,greed,English,synthetic
MSG00975,This is an official message from Zenith Bank Ghana. Your account requires re-authentication. Call 0261332541 or click http://momo-secure-verify.com to avoid suspension of services. Abi!,phishing,Email,impersonation,Yes,Yes,Yes,No,Yes,Yes,Yes,fear,mixed English-Twi,synthetic
MSG00976,GIMPA Studet Portal: Ur registration will be canclled unless u verifiy your student ID and MoMo details at https://ecobank-gh-verify.net today!!,phishing,SMS,impersonation,Yes,Yes,No,No,Yes,Yes,Yes,fear,English,synthetic
MSG00977,"Charley, UBA Ghana: Your statement request has been processed and sent to your registered email address.",legitimate,Email,customer_service,No,No,No,No,No,No,No,none,mixed English-Twi,synthetic
MSG00978,"Congratulations Eric Mensah, you have been shortlisted for the University of Professional Studies, Accra bursary award of GH₵4519. Verify your accont at http://momo-refund-gh.com to receive payment.",phishing,Email,impersonation,Yes,Yes,No,No,Yes,Yes,Yes,greed,English,synthetic
MSG00979,Prudential Bank: Your salary of GH₵7745.00 has been credited to your account. Available balance GH₵7894.00.,legitimate,SMS,banking,No,No,No,No,No,No,No,none,English,synthetic
MSG00980,Telecel Cash: Thank you for banking with us for over 2 years. We appreciate your loyalty.,legitimate,Email,customer_service,No,No,No,No,No,No,No,none,English,synthetic
MSG00981,MTN MoMo: Recharge with GH₵10 today and get 25% extra airtime. Dial *170# to activate.,legitimate,SMS,promotion,No,No,No,No,No,No,No,none,English,synthetic
MSG00982,MTN MoMo: You have received GH₵9436 sent in error by another customer. De customer has requested a reversal. Reply to confirm or send back to 0265268341. Sister!,phishing,SMS,wrong_send,Yes,No,Yes,Yes,No,No,No,sympathy,mixed English-Twi,synthetic
MSG00983,Ecobank Ghana: Online purchase of GH₵856.00 on card ending 3412 at West Hills Mall was successful. Available balance GH₵4493.00.,legitimate,SMS,banking,No,No,No,No,No,No,No,none,English,synthetic
MSG00984,"Sorry to bother you Bright, I sent GH₵500 to this number in error. Kindly reverse it to 0559973763, God bless you.",phishing,SMS,wrong_send,Yes,No,Yes,Yes,No,No,No,sympathy,English,synthetic
MSG00985,This is University of Pofessional Studies Accra Fiance Office. Your semester fees payment did not rflect. Kindly confirm your transction at https://dhl-gh-delivery.com to avoid deregistration.,phishing,Email,impersonation,Yes,Yes,No,No,Yes,Yes,Yes,fear,English,synthetic
MSG00986,MTN MoMo: Recharge with GH₵50 today and get 10% extra airtime. Dial *138# to activate.,legitimate,SMS,promotion,No,No,No,No,No,No,No,none,English,synthetic
MSG00987,"Dear Yaa Mensah, ur Ghana Post parcel SGAD264L4 is held at customs. Pay a clearance fee of GH₵250 at https://gra-taxrefund89.com to release it.",phishing,Email,delivery,Yes,Yes,No,Yes,No,Yes,Yes,curiosity,English,synthetic
MSG00988,MTN Ghana HR Department Payroll Notice: Your slary payment failed due to incorrect MoMo details. Update your information at https://nia-cardverify.net immediatly.,phishing,SMS,impersonation,Yes,Yes,No,No,Yes,Yes,Yes,fear,English,synthetic
MSG00989,"Yoo, AirtelTigo Money: Payment of GH₵6530 to Shoprite was successful. Balance GH₵16229.",legitimate,SMS,transaction,No,No,No,No,No,No,No,none,mixed English-Twi,synthetic
MSG00990,"Broni, Republic Bank Ghana: A debit of GH₵526.00 was made on your account ending 4726 at an ATM. Available balance GH₵723.00.",legitimate,SMS,banking,No,No,No,No,No,No,No,none,mixed English-Twi,synthetic
MSG00991,Prudential Bank: A debit of GH₵76.00 was made on your account ending 8500 at an ATM. Available balance GH₵576.00.,legitimate,SMS,banking,No,No,No,No,No,No,No,none,English,synthetic
MSG00992,"CONGRATULATIONS AFIA ADJEI, GHNA COMMERCIAL BANK HR HAS APPROVED UR BONUS OF GH₵10000. TO RECEIVE IT, VERIFY UR ACCOUNT AT HTTPS://MOMO-REFUND-GH.COM.",phishing,Email,impersonation,Yes,No,No,No,Yes,Yes,Yes,fear,English,synthetic
MSG00993,Speedaf Express Notice: Update your delivery address and pay GH₵20 handling fee at http://nia-cardverify.net to recieve your parcel 2day.,phishing,Email,delivery,Yes,Yes,No,Yes,No,Yes,Yes,curiosity,English,synthetic
MSG00994,"MTN MoMo PROMO WINNER: You have won GH₵1000 cash prize! Visit https://gra-taxrefund.com to claim b4 it expires, reference 964TPHY5.",phishing,SMS,fake_prize,Yes,Yes,No,No,No,No,Yes,greed,English,synthetic
MSG00995,MTN MoMo: You have received GH₵144 from Ama. New balance GH₵353. Transaction ID BE2752HCB8. Yoo!,legitimate,SMS,transaction,No,No,No,No,No,No,No,none,mixed English-Twi,synthetic
MSG00996,This is an official notice from Electoral Commission of Ghana. Your ntional ID card is due for renewal. Pay de renewal fee of GH₵22 at https//telecel-bonus-gh47.com.,phishing,Email,impersonation,Yes,No,No,Yes,Yes,Yes,Yes,fear,English,synthetic
MSG00997,"Dear Kwabena Addo, University of Profesional Studies, Accra Admissions Office requires you to pay a processing fee of GH₵100 via http://nia-cardverify73.net to secure your admission slot!!",phishing,Email,impersonation,Yes,Yes,No,Yes,Yes,Yes,Yes,fear,English,synthetic
MSG00998,Attention staff: Ghana Commercial Bank HR is migrating to a new payroll system. Click http://momo-refund-gh28.com and enter your MoMo PIN to avoid delay in salary payment.,phishing,Email,impersonation,Yes,Yes,No,No,Yes,Yes,Yes,fear,English,synthetic
MSG00999,GT Bank Ghana: Your salary of GH₵1000.00 has been credited to your account. Available balance GH₵1100.00.,legitimate,Email,banking,No,No,No,No,No,No,No,none,English,synthetic
MSG01000,"Congratulations Bright Appiah, u have been shortlistd for the University of Ghaa bursary award of GH₵300. Verify your accont at http://uog-portal-verify.com to recieve payment.",phishing,Email,impersonation,Yes,Yes,No,No,Yes,Yes,Yes,greed,English,synthetic
